Name,Duration From,Duration To,Observation 1 City,Observation 1 Street,Observation 1 Postal Code,Observation 1 Coordinates,Observation 2 City,Observation 2 Street,Observation 2 Postal Code,Observation 2 Coordinates,Distance(meters),Duration(seconds),NDT,Road Type
trafficData158324.csv,2014-02-13 11:30:00,2014-06-09 05:35:00,Hinnerup,Århusvej 72,8382,"56.23172069428216, 10.104986076057457",Hinnerup,Århusvej 0,8382,"56.22579478256016, 10.116589665412903",1030,52,71,MAJOR_ROAD
trafficData158355.csv,2014-02-13 11:30:00,2014-06-09 05:35:00,Hinnerup,Århusvej 0,8382,"56.22579478256016, 10.116589665412903",Hinnerup,Østjyske Motorvej 5,8382,"56.21740644105506, 10.10702759027481",1195,39,110,MAJOR_ROAD
trafficData158386.csv,2014-02-13 11:30:00,2014-06-09 05:35:00,Hinnerup,Århusvej 72,8382,"56.23172069428216, 10.104986076057457",Aarhus,Søftenvej 0,8200,"56.2149789163549, 10.13969570304107",2895,148,70,MAJOR_ROAD
trafficData158415.csv,2014-02-13 11:30:00,2014-06-09 05:35:00,Aarhus,Søftenvej 0,8200,"56.21508593264829, 10.13978019262504",Hinnerup,Århusvej 72,8382,"56.23181760050895, 10.105109457672143",2880,148,70,MAJOR_ROAD
trafficData158446.csv,2014-02-13 11:30:00,2014-06-09 05:35:00,Tilst,Østjyske Motorvej 0,8381,"56.21731711429131, 10.10711200000003",Hinnerup,Nordjyske Motorvej 0,8382,"56.23490211108693, 10.12519614484404",2345,75,113,MAJOR_ROAD
trafficData158475.csv,2014-02-13 11:30:00,2014-06-09 05:35:00,Hinnerup,Nordjyske Motorvej 0,8382,"56.23489759702643, 10.125013142824173",Hinnerup,Østjyske Motorvej 0,8382,"56.21740644105506, 10.10702759027481",2335,75,112,MAJOR_ROAD
trafficData158505.csv,2014-02-13 11:30:00,2014-06-09 05:35:00,Aarhus,Søftenvej 0,8200,"56.21508593264829, 10.13978019262504",Hinnerup,Århusvej 0,8382,"56.22579478256016, 10.116589665412903",2065,106,70,MAJOR_ROAD
trafficData158536.csv,2014-02-13 11:30:00,2014-06-09 05:35:00,Hinnerup,Nordjyske Motorvej 0,8382,"56.23489759702643, 10.125013142824173",Aarhus,15 0,8200,"56.21385651069573, 10.144907008598352",3255,108,109,MAJOR_ROAD
trafficData158565.csv,2014-02-13 11:30:00,2014-06-09 05:35:00,Aarhus,15 0,8200,"56.21399075104399, 10.145073305557275",Hinnerup,Nordjyske Motorvej 0,8382,"56.23490211108693, 10.12519614484404",3030,101,108,MAJOR_ROAD
trafficData158595.csv,2014-02-13 11:30:00,2014-06-09 05:35:00,Tilst,Østjyske Motorvej 0,8381,"56.21731711429131, 10.10711200000003",Aarhus,15 0,8200,"56.21385651069573, 10.144907008598352",2850,93,110,MAJOR_ROAD
trafficData158624.csv,2014-02-13 11:30:00,2014-06-09 05:35:00,Aarhus,15 0,8200,"56.21399075104399, 10.145073305557275",Hinnerup,Østjyske Motorvej 0,8382,"56.21740644105506, 10.10702759027481",3655,122,108,MAJOR_ROAD
trafficData158655.csv,2014-02-13 11:30:00,2014-06-09 05:35:00,Aarhus,15 0,8200,"56.21385651069573, 10.144907008598352",Lystrup,Djurslandmotorvejen 0,8520,"56.22521120818609, 10.246299305557386",6715,219,110,MAJOR_ROAD
trafficData158684.csv,2014-02-13 11:30:00,2014-06-09 05:35:00,Lystrup,Djurslandmotorvejen 0,8520,"56.22537224883195, 10.246154466270468",Aarhus,15 0,8200,"56.21399075104399, 10.145073305557275",6695,219,110,MAJOR_ROAD
trafficData158715.csv,2014-02-13 11:30:00,2014-06-09 05:35:00,Aarhus,15 0,8200,"56.21385651069573, 10.144907008598352",Aarhus,Søftenvej 0,8200,"56.20852026816215, 10.161038385250095",1175,41,103,MAJOR_ROAD
trafficData158744.csv,2014-02-13 11:30:00,2014-06-09 05:35:00,Aarhus,Søftenvej 0,8200,"56.208646307573304, 10.161157250404358",Aarhus,15 0,8200,"56.21399075104399, 10.145073305557275",1220,47,93,MAJOR_ROAD
trafficData158776.csv,2014-02-13 11:30:00,2014-06-09 05:35:00,Aarhus,Randersvej 311,8200,"56.21831017223658, 10.167189431877205",Aarhus,Randersvej 0,8200,"56.21071820426365, 10.173023480985648",920,54,61,MAJOR_ROAD
trafficData158805.csv,2014-02-13 11:30:00,2014-06-09 05:35:00,Aarhus,Randersvej 294,8200,"56.210756242190286, 10.173161614749915",Aarhus,Randersvej 311,8200,"56.21831017223658, 10.167189431877205",920,54,61,MAJOR_ROAD
trafficData158836.csv,2014-02-13 11:30:00,2014-06-09 05:35:00,Aarhus,Randersvej 0,8200,"56.21071820426365, 10.173023480985648",Tilst,Viborgvej 143,8381,"56.20391, 10.175128",1195,53,81,MAJOR_ROAD
trafficData158865.csv,2014-02-13 11:30:00,2014-06-09 05:35:00,Aarhus,Søftenvej 294,8200,"56.20417258212644, 10.175406949737521",Aarhus,Randersvej 294,8200,"56.210756242190286, 10.173161614749915",920,41,81,MAJOR_ROAD
trafficData158895.csv,2014-02-13 11:30:00,2014-06-09 05:35:00,Aarhus,Søftenvej 0,8200,"56.2149789163549, 10.13969570304107",Aarhus,Søftenvej 0,8200,"56.20852026816215, 10.161038385250095",1505,77,70,MAJOR_ROAD
trafficData158924.csv,2014-02-13 11:30:00,2014-06-09 05:35:00,Aarhus,Søftenvej 0,8200,"56.20869704245814, 10.161186577298167",Aarhus,Søftenvej 0,8200,"56.21508593264829, 10.13978019262504",1555,79,71,MAJOR_ROAD
trafficData158954.csv,2014-02-13 11:30:00,2014-06-09 05:35:00,Aarhus,Søftenvej 0,8200,"56.20417258212644, 10.175406949737521",Aarhus,Søftenvej 0,8200,"56.20869704245814, 10.161186577298167",1030,46,81,MAJOR_ROAD
trafficData158983.csv,2014-02-13 11:30:00,2014-06-09 05:35:00,Aarhus,Søftenvej 0,8200,"56.20852026816215, 10.161038385250095",Tilst,Viborgvej 143,8381,"56.20391, 10.175128",1030,46,81,MAJOR_ROAD
trafficData159014.csv,2014-02-13 11:30:00,2014-06-09 05:35:00,Tilst,Viborgvej 143,8381,"56.20391, 10.175128",Aarhus,Randersvej 0,8200,"56.19920218884512, 10.182238219573946",700,31,81,MAJOR_ROAD
trafficData159043.csv,2014-02-13 11:30:00,2014-06-09 05:35:00,Aarhus,Randersvej 0,8200,"56.19922307868954, 10.182444749668093",Aarhus,Søftenvej 0,8200,"56.20417258212644, 10.175406949737521",713,37,69,MAJOR_ROAD
trafficData171572.csv,2014-02-13 11:30:00,2014-06-09 05:35:00,Hinnerup,Århusvej 0,8382,"56.22579478256016, 10.116589665412903",Hinnerup,Østjyske Motorvej 0,8382,"56.21740644105506, 10.10702759027481",1193,53,81,MAJOR_ROAD
trafficData171969.csv,2014-02-13 11:30:00,2014-06-09 05:35:00,Aarhus,15 0,8200,"56.21399075104399, 10.145073305557275",Hinnerup,Østjyske Motorvej 0,8382,"56.21740644105506, 10.10702759027481",3640,122,107,MAJOR_ROAD
trafficData172156.csv,2014-02-13 11:30:00,2014-06-09 05:35:00,Aarhus,15 0,8200,"56.21399075104399, 10.145073305557275",Hinnerup,Århusvej 0,8382,"56.22579478256016, 10.116589665412903",2643,106,90,MAJOR_ROAD
trafficData172329.csv,2014-02-13 11:30:00,2014-06-09 05:35:00,Hinnerup,Nordjyske Motorvej 0,8382,"56.23489759702643, 10.125013142824173",Aarhus,Søftenvej 0,8200,"56.2149789163549, 10.13969570304107",3132,125,90,MAJOR_ROAD
trafficData172602.csv,2014-02-13 11:30:00,2014-06-09 05:35:00,Aarhus,Søftenvej 0,8200,"56.208646307573304, 10.161157250404358",Aarhus,15 0,8200,"56.21399075104399, 10.145073305557275",1945,119,59,STREET
trafficData173011.csv,2014-02-13 11:30:00,2014-06-09 05:35:00,Aarhus,Søftenvej 0,8200,"56.21508593264829, 10.13978019262504",Hinnerup,Århusvej 0,8382,"56.22579478256016, 10.116589665412903",2061,145,51,ROAD
trafficData173118.csv,2014-02-13 11:30:00,2014-06-09 05:35:00,Aarhus,Søftenvej 0,8200,"56.2149789163549, 10.13969570304107",Aarhus,Søftenvej 0,8200,"56.20852026816215, 10.161038385250095",1507,60,90,ROAD
trafficData173225.csv,2014-02-13 11:30:00,2014-06-09 05:35:00,Hinnerup,Nordjyske Motorvej 0,8382,"56.23489759702643, 10.125013142824173",Aarhus,15 0,8200,"56.21385651069573, 10.144907008598352",3253,100,117,STREET
trafficData178548.csv,2014-02-13 11:30:00,2014-06-09 05:35:00,Risskov,Grenåvej 0,8240,"56.19371107014121, 10.218878251485876",Risskov,Grenåvej 125,8240,"56.18655111946821, 10.218124775463139",798,60,48,MAJOR_ROAD
trafficData178600.csv,2014-02-13 11:30:00,2014-06-09 05:35:00,Risskov,Grenåvej 126,8240,"56.186546268439095, 10.218303812914883",Risskov,Grenåvej 126,8240,"56.19369241581476, 10.21908612268453",797,65,44,MAJOR_ROAD
trafficData178713.csv,2014-02-13 11:30:00,2014-06-09 05:35:00,Risskov,Grenåvej 125,8240,"56.18655111946821, 10.218124775463139",Risskov,Grenåvej 105,8240,"56.18290049276627, 10.21780255092608",406,34,43,MAJOR_ROAD
trafficData178739.csv,2014-02-13 11:30:00,2014-06-09 05:35:00,Risskov,Grenåvej 105,8240,"56.18290049276627, 10.217978235616556",Risskov,Grenåvej 126,8240,"56.186546268439095, 10.218303812914883",406,31,47,MAJOR_ROAD
trafficData178767.csv,2014-02-13 11:30:00,2014-06-09 05:35:00,Risskov,Grenåvej 105,8240,"56.18290049276627, 10.21780255092608",Aarhus,Dronning Margrethes Vej 97,8200,"56.17540521083046, 10.221176473541277",881,84,38,MAJOR_ROAD
trafficData178793.csv,2014-02-13 11:30:00,2014-06-09 05:35:00,Aarhus,Dronning Margrethes Vej 97,8200,"56.175432085860464, 10.221273033065813",Risskov,Grenåvej 105,8240,"56.18290049276627, 10.217978235616556",877,78,40,MAJOR_ROAD
trafficData178821.csv,2014-02-13 11:30:00,2014-06-09 05:35:00,Aarhus,Dronning Margrethes Vej 97,8200,"56.17540521083046, 10.221176473541277",Aarhus,Skovvejen 67,8000,"56.16631645387974, 10.218120143516558",1043,99,38,MAJOR_ROAD
trafficData178847.csv,2014-02-13 11:30:00,2014-06-09 05:35:00,Aarhus,Skovvejen 67,8000,"56.166317200585326, 10.218226090772646",Aarhus,Dronning Margrethes Vej 97,8200,"56.175432085860464, 10.221273033065813",1050,97,39,MAJOR_ROAD
trafficData178875.csv,2014-02-13 11:30:00,2014-06-09 05:35:00,Aarhus,Skovvejen 67,8000,"56.16631645387974, 10.218120143516558",Aarhus,Kystvejen 59,8000,"56.161597269074186, 10.215389695770227",558,66,30,MAJOR_ROAD
trafficData178901.csv,2014-02-13 11:30:00,2014-06-09 05:35:00,Aarhus,Kystvejen 59,8000,"56.161597269074186, 10.215389695770227",Aarhus,Skovvejen 67,8000,"56.166317200585326, 10.218226090772646",559,59,34,MAJOR_ROAD
trafficData178929.csv,2014-02-13 11:30:00,2014-06-09 05:35:00,Aarhus,Kystvejen 59,8000,"56.161597269074186, 10.215389695770227",Aarhus,Spanien 63,8000,"56.14892750591274, 10.209599775463175",1489,199,27,MAJOR_ROAD
trafficData178955.csv,2014-02-13 11:30:00,2014-06-09 05:35:00,Aarhus,Spanien 63,8000,"56.14892750591274, 10.209599775463175",Aarhus,Kystvejen 59,8000,"56.161597269074186, 10.215389695770227",1492,220,24,MAJOR_ROAD
trafficData178983.csv,2014-02-13 11:30:00,2014-06-09 05:35:00,Aarhus,Spanien 63,8000,"56.14892750591274, 10.209599775463175",Aarhus,Strandvejen 36,8000,"56.14472622987757, 10.208600965029746",472,42,40,MAJOR_ROAD
trafficData179009.csv,2014-02-13 11:30:00,2014-06-09 05:35:00,Aarhus,Strandvejen 36,8000,"56.144719132186395, 10.20872971106246",Aarhus,Spanien 63,8000,"56.14892750591274, 10.209599775463175",473,49,35,MAJOR_ROAD
trafficData179038.csv,2014-02-13 11:30:00,2014-06-09 05:35:00,Aarhus,Marselis Boulevard 15,8000,"56.14063267124548, 10.1989185595246",Aarhus,Marselis Boulevard 0,8000,"56.14171141881423, 10.204415905418273",361,36,36,MAJOR_ROAD
trafficData179064.csv,2014-02-13 11:30:00,2014-06-09 05:35:00,Aarhus,Marselis Boulevard 0,8000,"56.141823496238665, 10.204370307865133",Aarhus,Marselis Boulevard 50,8000,"56.1407940671622, 10.198852845403735",361,31,42,MAJOR_ROAD
trafficData179093.csv,2014-02-13 11:30:00,2014-06-09 05:35:00,Aarhus,Marselis Boulevard 135,8000,"56.13959744418457, 10.186632644180236",Aarhus,Marselis Boulevard 174,8000,"56.13962771141822, 10.177235595245293",583,41,51,MAJOR_ROAD
trafficData179119.csv,2014-02-13 11:30:00,2014-06-09 05:35:00,Aarhus,Haveforening Af 1918 4,8000,"56.13953206657349, 10.177203408737114",Aarhus,Marselis Boulevard 135,8000,"56.139477887997344, 10.186664830688414",585,46,46,MAJOR_ROAD
trafficData179148.csv,2014-02-13 11:30:00,2014-06-09 05:35:00,Risskov,Vejlby Ringvej 0,8240,"56.187071255964284, 10.212341355819717",Aarhus,Vejlby Ringvej 20,8200,"56.1833360361296, 10.200700790178303",832,57,53,MAJOR_ROAD
trafficData179174.csv,2014-02-13 11:30:00,2014-06-09 05:35:00,Aarhus,Vejlby Ringvej 20,8200,"56.18324423193787, 10.200790644180302",Risskov,Vejlby Ringvej 20,8240,"56.18696229571611, 10.212459373016372",833,54,56,MAJOR_ROAD
trafficData179202.csv,2014-02-13 11:30:00,2014-06-09 05:35:00,Aarhus,Vejlby Ringvej 20,8200,"56.1833360361296, 10.200700790178303",Aarhus,Hasle Ringvej 20,8200,"56.181459995226994, 10.192792014715224",533,59,33,MAJOR_ROAD
trafficData179228.csv,2014-02-13 11:30:00,2014-06-09 05:35:00,Aarhus,Hasle Ringvej 138,8200,"56.181353258286634, 10.192906008598356",Aarhus,Vejlby Ringvej 20,8200,"56.18324423193787, 10.200790644180302",532,50,38,MAJOR_ROAD
trafficData179256.csv,2014-02-13 11:30:00,2014-06-09 05:35:00,Aarhus,Hasle Ringvej 0,8200,"56.181459995226994, 10.192792014715224",Aarhus,Hasle Ringvej 0,8200,"56.17871060412596, 10.184485323907893",598,43,50,MAJOR_ROAD
trafficData179282.csv,2014-02-13 11:30:00,2014-06-09 05:35:00,Aarhus,Hasle Ringvej 0,8200,"56.178623267668705, 10.18461071717934",Aarhus,Hasle Ringvej 138,8200,"56.181353258286634, 10.192906008598356",597,34,63,MAJOR_ROAD
trafficData179310.csv,2014-02-13 11:30:00,2014-06-09 05:35:00,Aarhus,Hasle Ringvej 0,8200,"56.17871060412596, 10.184485323907893",Aarhus,Hasle Ringvej 0,8210,"56.17505006362324, 10.171526038028787",906,66,49,MAJOR_ROAD
trafficData179336.csv,2014-02-13 11:30:00,2014-06-09 05:35:00,Aarhus,Hasle Ringvej 0,8210,"56.174917180024806, 10.171611868717264",Aarhus,Hasle Ringvej 0,8200,"56.178623267668705, 10.18461071717934",911,65,50,MAJOR_ROAD
trafficData179364.csv,2014-02-13 11:30:00,2014-06-09 05:35:00,Aarhus,Hasle Ringvej 0,8210,"56.17505006362324, 10.171526038028787",Aarhus,Hasle Ringvej 27,8210,"56.17312782176926, 10.161757688325906",641,43,54,MAJOR_ROAD
trafficData179390.csv,2014-02-13 11:30:00,2014-06-09 05:35:00,Aarhus,Hasle Ringvej 36,8210,"56.17304495205962, 10.161823402446771",Aarhus,Hasle Ringvej 36,8210,"56.174917180024806, 10.171611868717264",641,41,56,MAJOR_ROAD
trafficData179418.csv,2014-02-13 11:30:00,2014-06-09 05:35:00,Aarhus,Hasle Ringvej 27,8210,"56.17312782176926, 10.161757688325906",Aarhus,Åby Ringvej 27,8210,"56.16798814878688, 10.151387677246134",872,67,47,MAJOR_ROAD
trafficData179444.csv,2014-02-13 11:30:00,2014-06-09 05:35:00,Aarhus,Åby Ringvej 36,8210,"56.167867187555736, 10.1515794551907",Aarhus,Hasle Ringvej 36,8210,"56.17304495205962, 10.161823402446771",868,67,47,MAJOR_ROAD
trafficData180547.csv,2014-02-13 11:30:00,2014-06-09 05:35:00,Aarhus,Åby Ringvej 0,8210,"56.16798814878688, 10.151387677246134",Aarhus,Åby Ringvej 0,8230,"56.1601908856982, 10.143257948409996",1020,75,49,MAJOR_ROAD
trafficData180573.csv,2014-02-13 11:30:00,2014-06-09 05:35:00,Aarhus,Åby Ringvej 0,8230,"56.16018043015113, 10.143520804893456",Aarhus,Åby Ringvej 0,8210,"56.167867187555736, 10.1515794551907",1008,67,54,MAJOR_ROAD
trafficData180601.csv,2014-02-13 11:30:00,2014-06-09 05:35:00,Aarhus,Åby Ringvej 0,8230,"56.1601908856982, 10.143257948409996",Aarhus,Viby Ringvej 0,8230,"56.148158423711955, 10.149694601188685",1462,101,52,MAJOR_ROAD
trafficData180627.csv,2014-02-13 11:30:00,2014-06-09 05:35:00,Aarhus,Viby Ringvej 0,8230,"56.148242094184255, 10.149874309192683",Aarhus,Åby Ringvej 0,8230,"56.16018043015113, 10.143520804893456",1450,108,48,MAJOR_ROAD
trafficData180655.csv,2014-02-13 11:30:00,2014-06-09 05:35:00,Aarhus,Viby Ringvej 0,8230,"56.148158423711955, 10.149694601188685",Aarhus,Viby Ringvej 104,8230,"56.1404960893661, 10.154132957008414",913,58,57,MAJOR_ROAD
trafficData180681.csv,2014-02-13 11:30:00,2014-06-09 05:35:00,Aarhus,Viby Ringvej 104,8230,"56.14051551675728, 10.154338145998054",Aarhus,Viby Ringvej 104,8230,"56.148242094184255, 10.149874309192683",920,59,56,MAJOR_ROAD
trafficData180709.csv,2014-02-13 11:30:00,2014-06-09 05:35:00,Aarhus,Viby Ringvej 104,8230,"56.1404960893661, 10.154132957008414",Aarhus,Viby Ringvej 104,8260,"56.13199024175818, 10.157454995037142",968,62,56,MAJOR_ROAD
trafficData180735.csv,2014-02-13 11:30:00,2014-06-09 05:35:00,Aarhus,Viby Ringvej 0,8260,"56.13203209461566, 10.157658842922274",Aarhus,Viby Ringvej 104,8230,"56.14051551675728, 10.154338145998054",966,61,57,MAJOR_ROAD
trafficData180764.csv,2014-02-13 11:30:00,2014-06-09 05:35:00,Aarhus,Nordre Ringgade 98,8200,"56.17405423428392, 10.213484466270415",Aarhus,Nordre Ringgade 64B,8200,"56.17243586196818, 10.209219127208598",321,36,32,MAJOR_ROAD
trafficData180790.csv,2014-02-13 11:30:00,2014-06-09 05:35:00,Aarhus,Nordre Ringgade 64B,8200,"56.17235120664372, 10.209275766864721",Aarhus,Nordre Ringgade 98,8200,"56.17405423428392, 10.213484466270415",324,34,34,MAJOR_ROAD
trafficData180818.csv,2014-02-13 11:30:00,2014-06-09 05:35:00,Aarhus,Nordre Ringgade 64B,8200,"56.17243586196818, 10.209219127208598",Aarhus,Nordre Ringgade 3,8000,"56.17122707649042, 10.201380373016264",508,83,22,MAJOR_ROAD
trafficData180844.csv,2014-02-13 11:30:00,2014-06-09 05:35:00,Aarhus,Nordre Ringgade 64B,8000,"56.171122550932225, 10.201447428241636",Aarhus,Nordre Ringgade 64B,8200,"56.17235120664372, 10.209275766864721",505,66,28,MAJOR_ROAD
trafficData180872.csv,2014-02-13 11:30:00,2014-06-09 05:35:00,Aarhus,Nordre Ringgade 3,8000,"56.17122707649042, 10.201380373016264",Aarhus,Vestre Ringgade 61,8200,"56.16945046812791, 10.194338714120931",481,43,40,MAJOR_ROAD
trafficData180898.csv,2014-02-13 11:30:00,2014-06-09 05:35:00,Aarhus,Vestre Ringgade 210,8000,"56.16929516572502, 10.194526468751974",Aarhus,Nordre Ringgade 210,8000,"56.171122550932225, 10.201447428241636",476,43,40,MAJOR_ROAD
trafficData180926.csv,2014-02-13 11:30:00,2014-06-09 05:35:00,Aarhus,Vestre Ringgade 61,8200,"56.16945046812791, 10.194338714120931",Aarhus,Vestre Ringgade 53,8210,"56.163969409207326, 10.185844404928275",813,67,44,MAJOR_ROAD
trafficData180952.csv,2014-02-13 11:30:00,2014-06-09 05:35:00,Aarhus,Vestre Ringgade 53,8210,"56.16389697427008, 10.18616224669654",Aarhus,Vestre Ringgade 210,8000,"56.16929516572502, 10.194526468751974",801,69,42,MAJOR_ROAD
trafficData180980.csv,2014-02-13 11:30:00,2014-06-09 05:35:00,Aarhus,Vestre Ringgade 53,8210,"56.163969409207326, 10.185844404928275",Aarhus,Vestre Ringgade 45,8000,"56.15898299999999, 10.182659856483497",602,45,48,MAJOR_ROAD
trafficData181006.csv,2014-02-13 11:30:00,2014-06-09 05:35:00,Aarhus,Vestre Ringgade 70,8000,"56.1589844936963, 10.182944170639075",Aarhus,Vestre Ringgade 53,8210,"56.16389697427008, 10.18616224669654",595,49,44,MAJOR_ROAD
trafficData181034.csv,2014-02-13 11:30:00,2014-06-09 05:35:00,Aarhus,Vestre Ringgade 45,8000,"56.15898299999999, 10.182659856483497",Aarhus,Vestre Ringgade 41,8000,"56.15498346925998, 10.182616305557303",447,38,42,MAJOR_ROAD
trafficData181060.csv,2014-02-13 11:30:00,2014-06-09 05:35:00,Aarhus,Vestre Ringgade 70,8000,"56.15499691392427, 10.182841611114554",Aarhus,Vestre Ringgade 70,8000,"56.1589844936963, 10.182944170639075",445,38,42,MAJOR_ROAD
trafficData181088.csv,2014-02-13 11:30:00,2014-06-09 05:35:00,Aarhus,Vestre Ringgade 41,8000,"56.15498346925998, 10.182616305557303",Aarhus,Søndre Ringgade 41,8000,"56.149807565419565, 10.183499758266407",580,43,49,MAJOR_ROAD
trafficData181114.csv,2014-02-13 11:30:00,2014-06-09 05:35:00,Aarhus,Søndre Ringgade 0,8000,"56.14984790483175, 10.183679466270405",Aarhus,Vestre Ringgade 0,8000,"56.15499691392427, 10.182841611114554",577,51,41,MAJOR_ROAD
trafficData181142.csv,2014-02-13 11:30:00,2014-06-09 05:35:00,Aarhus,Søndre Ringgade 0,8000,"56.149807565419565, 10.183499758266407",Aarhus,Søndre Ringgade 63,8000,"56.14563850929, 10.186762304229774",507,37,49,MAJOR_ROAD
trafficData181168.csv,2014-02-13 11:30:00,2014-06-09 05:35:00,Aarhus,Søndre Ringgade 52,8000,"56.1457221852484, 10.186944694442786",Aarhus,Søndre Ringgade 52,8000,"56.14984790483175, 10.183679466270405",503,37,49,MAJOR_ROAD
trafficData181197.csv,2014-02-13 11:30:00,2014-06-09 05:35:00,Århus N,Randersvej 141,8200,"56.18461478101305, 10.195804343585905",Aarhus,Randersvej 164,8200,"56.18028339302693, 10.198778699405693",516,46,40,MAJOR_ROAD
trafficData181223.csv,2014-02-13 11:30:00,2014-06-09 05:35:00,Aarhus,Randersvej 164,8200,"56.1803125039424, 10.19893292642405",Aarhus,Randersvej 164,8200,"56.184659561973874, 10.19604842460626",515,54,34,MAJOR_ROAD
trafficData181251.csv,2014-02-13 11:30:00,2014-06-09 05:35:00,Aarhus,Randersvej 164,8200,"56.18028339302693, 10.198778699405693",Aarhus Municipality,Randersvej 51,8200,"56.176038754874654, 10.201616660049467",503,39,46,MAJOR_ROAD
trafficData181277.csv,2014-02-13 11:30:00,2014-06-09 05:35:00,Aarhus,Randersvej 54,8200,"56.17606861552515, 10.201770887067823",Aarhus,Randersvej 164,8200,"56.1803125039424, 10.19893292642405",504,49,37,MAJOR_ROAD
trafficData181305.csv,2014-02-13 11:30:00,2014-06-09 05:35:00,Aarhus Municipality,Randersvej 51,8200,"56.176038754874654, 10.201616660049467",Aarhus,Nørrebrogade 45,8000,"56.16813760017301, 10.20690854480938",938,88,38,MAJOR_ROAD
trafficData181331.csv,2014-02-13 11:30:00,2014-06-09 05:35:00,Aarhus,Nørrebrogade 44,8000,"56.16816672029917, 10.207060089618722",Aarhus,Randersvej 54,8200,"56.17606861552515, 10.201770887067823",938,92,37,MAJOR_ROAD
trafficData182657.csv,2014-02-13 11:30:00,2014-06-09 05:35:00,Aarhus,Nørrebrogade 45,8000,"56.16813760017301, 10.20690854480938",Aarhus,null 0,8000,"56.161017815103236, 10.21197608217426",852,79,39,MAJOR_ROAD
trafficData182683.csv,2014-02-13 11:30:00,2014-06-09 05:35:00,Aarhus,Nørreport 18,8000,"56.16107681293822, 10.2121812711639",Aarhus,Nørrebrogade 44,8000,"56.16816672029917, 10.207060089618722",850,75,41,MAJOR_ROAD
trafficData182712.csv,2014-02-13 11:30:00,2014-06-09 05:35:00,Aarhus,Viborgvej 209,8210,"56.17262995803033, 10.153436152114864",Aarhus,Viborgvej 165-167,8210,"56.169148028055325, 10.161062711639374",613,50,44,MAJOR_ROAD
trafficData182738.csv,2014-02-13 11:30:00,2014-06-09 05:35:00,Aarhus,Viborgvej 165-167,8210,"56.169148028055325, 10.161062711639374",Aarhus,Viborgvej 209,8210,"56.17267848588397, 10.153508571758266",612,56,39,MAJOR_ROAD
trafficData182766.csv,2014-02-13 11:30:00,2014-06-09 05:35:00,Aarhus,Viborgvej 165-167,8210,"56.169148028055325, 10.161062711639374",Aarhus,Viborgvej 47,8210,"56.162369287665825, 10.178335597553314",1337,110,44,MAJOR_ROAD
trafficData182792.csv,2014-02-13 11:30:00,2014-06-09 05:35:00,Aarhus,Viborgvej 47,8210,"56.162446952950255, 10.17839594725615",Aarhus,Viborgvej 165-167,8210,"56.169148028055325, 10.161062711639374",1330,119,40,MAJOR_ROAD
trafficData182820.csv,2014-02-13 11:30:00,2014-06-09 05:35:00,Aarhus,Viborgvej 47,8210,"56.162369287665825, 10.178335597553314",Aarhus,Viborgvej 14,8000,"56.159418709313904, 10.187763760747885",670,64,38,MAJOR_ROAD
trafficData182846.csv,2014-02-13 11:30:00,2014-06-09 05:35:00,Aarhus,Viborgvej 14,8000,"56.159418709313904, 10.187763760747885",Aarhus,Viborgvej 47,8210,"56.162446952950255, 10.17839594725615",672,70,35,MAJOR_ROAD
trafficData182875.csv,2014-02-13 11:30:00,2014-06-09 05:35:00,Aarhus,Silkeborgvej 0,8220,"56.15328110479527, 10.110953550926183",Aarhus,Silkeborgvej 607,8220,"56.15256095040008, 10.123139046627102",769,57,49,MAJOR_ROAD
trafficData182901.csv,2014-02-13 11:30:00,2014-06-09 05:35:00,Aarhus,Silkeborgvej 607,8220,"56.15256095040008, 10.123139046627102",Aarhus,Silkeborgvej 607,8220,"56.15328110479527, 10.110953550926183",768,55,50,MAJOR_ROAD
trafficData182929.csv,2014-02-13 11:30:00,2014-06-09 05:35:00,Aarhus,Silkeborgvej 607,8220,"56.15256095040008, 10.123139046627102",Aarhus,Silkeborgvej 562,8220,"56.152757286457955, 10.131331836805202",512,39,47,MAJOR_ROAD
trafficData182955.csv,2014-02-13 11:30:00,2014-06-09 05:35:00,Aarhus,Silkeborgvej 562,8220,"56.152757286457955, 10.131331836805202",Aarhus,Silkeborgvej 607,8220,"56.15256095040008, 10.123139046627102",511,38,48,MAJOR_ROAD
trafficData182983.csv,2014-02-13 11:30:00,2014-06-09 05:35:00,Aarhus,Silkeborgvej 562,8220,"56.152757286457955, 10.131331836805202",Aarhus,Silkeborgvej 521,8220,"56.153135887760996, 10.139060373016491",481,33,52,MAJOR_ROAD
trafficData183009.csv,2014-02-13 11:30:00,2014-06-09 05:35:00,Aarhus,Silkeborgvej 521,8220,"56.153267352820414, 10.139025504299298",Aarhus,Silkeborgvej 562,8220,"56.152757286457955, 10.131331836805202",481,35,49,MAJOR_ROAD
trafficData183037.csv,2014-02-13 11:30:00,2014-06-09 05:35:00,Aarhus,Silkeborgvej 521,8220,"56.153135887760996, 10.139060373016491",Aarhus,Silkeborgvej 303,8230,"56.154610138216704, 10.157440224536913",1152,100,41,MAJOR_ROAD
trafficData183063.csv,2014-02-13 11:30:00,2014-06-09 05:35:00,Aarhus,Silkeborgvej 303,8230,"56.154610138216704, 10.157440224536913",Aarhus,Silkeborgvej 521,8220,"56.153267352820414, 10.139025504299298",1151,95,44,MAJOR_ROAD
trafficData183091.csv,2014-02-13 11:30:00,2014-06-09 05:35:00,Aarhus,Silkeborgvej 303,8230,"56.154610138216704, 10.157440224536913",Aarhus,Silkeborgvej 188,8000,"56.15591411050229, 10.176133542327875",1168,111,38,MAJOR_ROAD
trafficData183117.csv,2014-02-13 11:30:00,2014-06-09 05:35:00,Aarhus,Silkeborgvej 188,8000,"56.15591411050229, 10.176133542327875",Aarhus,Silkeborgvej 303,8230,"56.154610138216704, 10.157440224536913",1168,115,37,MAJOR_ROAD
trafficData184595.csv,2014-02-13 11:30:00,2014-06-09 05:35:00,Aarhus,Skanderborgvej 223,8260,"56.125743621869944, 10.15788067857352",Aarhus,Skanderborgvej 169,8260,"56.13096577062022, 10.166318618385276",787,74,38,MAJOR_ROAD
trafficData184621.csv,2014-02-13 11:30:00,2014-06-09 05:35:00,Aarhus,Skanderborgvej 168,8260,"56.131053962866226, 10.166163050262412",Aarhus,Skanderborgvej 222,8260,"56.125829583613914, 10.157709017196566",789,78,36,MAJOR_ROAD
trafficData184649.csv,2014-02-13 11:30:00,2014-06-09 05:35:00,Aarhus,Skanderborgvej 169,8260,"56.13096577062022, 10.166318618385276",Aarhus,Skanderborgvej 107,8260,"56.138322977998705, 10.179336344162948",1151,93,45,MAJOR_ROAD
trafficData184675.csv,2014-02-13 11:30:00,2014-06-09 05:35:00,Aarhus,Skanderborgvej 106,8260,"56.13844851575673, 10.179150601188667",Aarhus,Skanderborgvej 168,8260,"56.131053962866226, 10.166163050262412",1152,89,47,MAJOR_ROAD
trafficData184703.csv,2014-02-13 11:30:00,2014-06-09 05:35:00,Aarhus,Skanderborgvej 107,8260,"56.138322977998705, 10.179336344162948",Aarhus,Skanderborgvej 7,8000,"56.14251885276732, 10.186880262565637",661,60,40,MAJOR_ROAD
trafficData184729.csv,2014-02-13 11:30:00,2014-06-09 05:35:00,Aarhus,Skanderborgvej 26,8000,"56.14258759218248, 10.186756880950952",Aarhus,Skanderborgvej 106,8260,"56.13844851575673, 10.179150601188667",660,55,43,MAJOR_ROAD
trafficData184758.csv,2014-02-13 11:30:00,2014-06-09 05:35:00,Aarhus,Søren Frichs Vej 80,8230,"56.14774074192765, 10.158060728836062",Århus C,Søren Frichs Vej 39,8000,"56.151949698562795, 10.17614185152047",1222,108,41,MAJOR_ROAD
trafficData184784.csv,2014-02-13 11:30:00,2014-06-09 05:35:00,Århus C,Søren Frichs Vej 39,8000,"56.151949698562795, 10.17614185152047",Aarhus,Søren Frichs Vej 80,8230,"56.14774074192765, 10.158060728836062",1222,113,39,MAJOR_ROAD
trafficData184813.csv,2014-02-13 11:30:00,2014-06-09 05:35:00,Aarhus,Paludan-Müllers Vej 48,8200,"56.17389164456407, 10.182183959489976",Aarhus,Paludan-Müllers Vej 95,8210,"56.170278565367, 10.186652602364234",491,51,35,MAJOR_ROAD
trafficData184839.csv,2014-02-13 11:30:00,2014-06-09 05:35:00,Aarhus,Paludan-Müllers Vej 95,8210,"56.170278565367, 10.186652602364234",Aarhus,Paludan-Müllers Vej 48,8200,"56.17389164456407, 10.182183959489976",490,57,31,MAJOR_ROAD
trafficData184866.csv,2014-02-13 11:30:00,2014-06-09 05:35:00,Risskov,Grenåvej 0,8240,"56.19371107014121, 10.218878251485876",Risskov,Vejlby Ringvej 0,8240,"56.187071255964284, 10.212341355819717",942,77,44,MAJOR_ROAD
trafficData184892.csv,2014-02-13 11:30:00,2014-06-09 05:35:00,Risskov,Vejlby Ringvej 0,8240,"56.18696229571611, 10.212459373016372",Risskov,Grenåvej 0,8240,"56.19369241581476, 10.21908612268453",966,85,41,MAJOR_ROAD
trafficData184919.csv,2014-02-13 11:30:00,2014-06-09 05:35:00,Risskov,Grenåvej 126,8240,"56.186546268439095, 10.218303812914883",Risskov,Vejlby Ringvej 126,8240,"56.187071255964284, 10.212341355819717",728,65,40,MAJOR_ROAD
trafficData184945.csv,2014-02-13 11:30:00,2014-06-09 05:35:00,Risskov,Vejlby Ringvej 0,8240,"56.18696229571611, 10.212459373016372",Risskov,Grenåvej 125,8240,"56.18655111946821, 10.218124775463139",656,55,43,MAJOR_ROAD
trafficData184972.csv,2014-02-13 11:30:00,2014-06-09 05:35:00,Aarhus,Vejlby Ringvej 20,8200,"56.1833360361296, 10.200700790178303",Aarhus,Randersvej 20,8200,"56.184659561973874, 10.19604842460626",458,51,32,MAJOR_ROAD
trafficData184998.csv,2014-02-13 11:30:00,2014-06-09 05:35:00,Århus N,Randersvej 141,8200,"56.18461478101305, 10.195804343585905",Aarhus,Vejlby Ringvej 20,8200,"56.18324423193787, 10.200790644180302",498,62,29,MAJOR_ROAD
trafficData185025.csv,2014-02-13 11:30:00,2014-06-09 05:35:00,Aarhus,Vejlby Ringvej 20,8200,"56.1833360361296, 10.200700790178303",Aarhus,Randersvej 164,8200,"56.18028339302693, 10.198778699405693",509,57,32,MAJOR_ROAD
trafficData185051.csv,2014-02-13 11:30:00,2014-06-09 05:35:00,Aarhus,Randersvej 164,8200,"56.1803125039424, 10.19893292642405",Aarhus,Vejlby Ringvej 20,8200,"56.18324423193787, 10.200790644180302",473,64,27,MAJOR_ROAD
trafficData185078.csv,2014-02-13 11:30:00,2014-06-09 05:35:00,Aarhus,Hasle Ringvej 138,8200,"56.181353258286634, 10.192906008598356",Aarhus,Randersvej 138,8200,"56.184659561973874, 10.19604842460626",573,61,34,MAJOR_ROAD
trafficData185104.csv,2014-02-13 11:30:00,2014-06-09 05:35:00,Århus N,Randersvej 141,8200,"56.18461478101305, 10.195804343585905",Aarhus,Hasle Ringvej 141,8200,"56.181459995226994, 10.192792014715224",541,62,31,MAJOR_ROAD
trafficData185131.csv,2014-02-13 11:30:00,2014-06-09 05:35:00,Aarhus,Hasle Ringvej 138,8200,"56.181353258286634, 10.192906008598356",Aarhus,Randersvej 164,8200,"56.18028339302693, 10.198778699405693",551,63,31,MAJOR_ROAD
trafficData185157.csv,2014-02-13 11:30:00,2014-06-09 05:35:00,Aarhus,Randersvej 164,8200,"56.1803125039424, 10.19893292642405",Aarhus,Hasle Ringvej 164,8200,"56.181459995226994, 10.192792014715224",590,61,35,MAJOR_ROAD
trafficData185184.csv,2014-02-13 11:30:00,2014-06-09 05:35:00,Aarhus,Hasle Ringvej 0,8200,"56.17871060412596, 10.184485323907893",Aarhus,Paludan-Müllers Vej 48,8200,"56.17389164456407, 10.182183959489976",779,75,37,MAJOR_ROAD
trafficData185210.csv,2014-02-13 11:30:00,2014-06-09 05:35:00,Aarhus,Paludan-Müllers Vej 48,8200,"56.17389164456407, 10.182183959489976",Aarhus,Hasle Ringvej 48,8200,"56.178623267668705, 10.18461071717934",746,70,38,MAJOR_ROAD
trafficData185237.csv,2014-02-13 11:30:00,2014-06-09 05:35:00,Aarhus,Hasle Ringvej 0,8210,"56.174917180024806, 10.171611868717264",Aarhus,Paludan-Müllers Vej 48,8200,"56.17389164456407, 10.182183959489976",851,69,44,MAJOR_ROAD
trafficData185263.csv,2014-02-13 11:30:00,2014-06-09 05:35:00,Aarhus,Paludan-Müllers Vej 48,8200,"56.17389164456407, 10.182183959489976",Aarhus,Hasle Ringvej 48,8210,"56.17505006362324, 10.171526038028787",880,80,40,MAJOR_ROAD
trafficData185290.csv,2014-02-13 11:30:00,2014-06-09 05:35:00,Aarhus,Hasle Ringvej 27,8210,"56.17312782176926, 10.161757688325906",Aarhus,Viborgvej 209,8210,"56.17267848588397, 10.153508571758266",640,50,46,MAJOR_ROAD
trafficData185316.csv,2014-02-13 11:30:00,2014-06-09 05:35:00,Aarhus,Viborgvej 209,8210,"56.17262995803033, 10.153436152114864",Aarhus,Hasle Ringvej 36,8210,"56.17304495205962, 10.161823402446771",665,54,44,MAJOR_ROAD
trafficData185343.csv,2014-02-13 11:30:00,2014-06-09 05:35:00,Aarhus,Hasle Ringvej 27,8210,"56.17312782176926, 10.161757688325906",Aarhus,Viborgvej 165-167,8210,"56.169148028055325, 10.161062711639374",781,73,39,MAJOR_ROAD
trafficData185369.csv,2014-02-13 11:30:00,2014-06-09 05:35:00,Aarhus,Viborgvej 165-167,8210,"56.169148028055325, 10.161062711639374",Aarhus,Hasle Ringvej 36,8210,"56.17304495205962, 10.161823402446771",742,63,42,MAJOR_ROAD
trafficData185396.csv,2014-02-13 11:30:00,2014-06-09 05:35:00,Aarhus,Åby Ringvej 0,8210,"56.167867187555736, 10.1515794551907",Aarhus,Viborgvej 209,8210,"56.17267848588397, 10.153508571758266",739,75,35,MAJOR_ROAD
trafficData185422.csv,2014-02-13 11:30:00,2014-06-09 05:35:00,Aarhus,Viborgvej 209,8210,"56.17262995803033, 10.153436152114864",Aarhus,Åby Ringvej 209,8210,"56.16798814878688, 10.151387677246134",705,57,45,MAJOR_ROAD
trafficData186953.csv,2014-02-13 11:30:00,2014-06-09 05:35:00,Aarhus,Åby Ringvej 0,8210,"56.167867187555736, 10.1515794551907",Aarhus,Viborgvej 165-167,8210,"56.169148028055325, 10.161062711639374",816,66,45,MAJOR_ROAD
trafficData186979.csv,2014-02-13 11:30:00,2014-06-09 05:35:00,Aarhus,Viborgvej 165-167,8210,"56.169148028055325, 10.161062711639374",Aarhus,Åby Ringvej 165-167,8210,"56.16798814878688, 10.151387677246134",844,76,40,MAJOR_ROAD
trafficData187006.csv,2014-02-13 11:30:00,2014-06-09 05:35:00,Aarhus,Åby Ringvej 0,8230,"56.1601908856982, 10.143257948409996",Aarhus,Silkeborgvej 521,8220,"56.153267352820414, 10.139025504299298",1018,73,50,MAJOR_ROAD
trafficData187032.csv,2014-02-13 11:30:00,2014-06-09 05:35:00,Aarhus,Silkeborgvej 521,8220,"56.153135887760996, 10.139060373016491",Aarhus,Åby Ringvej 521,8230,"56.16018043015113, 10.143520804893456",1055,90,42,MAJOR_ROAD
trafficData187059.csv,2014-02-13 11:30:00,2014-06-09 05:35:00,Aarhus,Åby Ringvej 0,8230,"56.1601908856982, 10.143257948409996",Aarhus,Silkeborgvej 303,8230,"56.154610138216704, 10.157440224536913",1619,131,44,MAJOR_ROAD
trafficData187085.csv,2014-02-13 11:30:00,2014-06-09 05:35:00,Aarhus,Silkeborgvej 303,8230,"56.154610138216704, 10.157440224536913",Aarhus,Åby Ringvej 303,8230,"56.16018043015113, 10.143520804893456",1578,124,46,MAJOR_ROAD
trafficData187112.csv,2014-02-13 11:30:00,2014-06-09 05:35:00,Aarhus,Viby Ringvej 0,8230,"56.148242094184255, 10.149874309192683",Aarhus,Silkeborgvej 521,8220,"56.153267352820414, 10.139025504299298",1023,91,40,MAJOR_ROAD
trafficData187138.csv,2014-02-13 11:30:00,2014-06-09 05:35:00,Aarhus,Silkeborgvej 521,8220,"56.153135887760996, 10.139060373016491",Aarhus,Viby Ringvej 0,8230,"56.148158423711955, 10.149694601188685",995,69,52,MAJOR_ROAD
trafficData187165.csv,2014-02-13 11:30:00,2014-06-09 05:35:00,Aarhus,Viby Ringvej 0,8230,"56.148242094184255, 10.149874309192683",Aarhus,Silkeborgvej 303,8230,"56.154610138216704, 10.157440224536913",1547,126,44,MAJOR_ROAD
trafficData187191.csv,2014-02-13 11:30:00,2014-06-09 05:35:00,Aarhus,Silkeborgvej 303,8230,"56.154610138216704, 10.157440224536913",Aarhus,Viby Ringvej 303,8230,"56.148158423711955, 10.149694601188685",1596,127,45,MAJOR_ROAD
trafficData187218.csv,2014-02-13 11:30:00,2014-06-09 05:35:00,Aarhus,Viby Ringvej 0,8230,"56.148158423711955, 10.149694601188685",Aarhus,Søren Frichs Vej 80,8230,"56.14774074192765, 10.158060728836062",653,67,35,MAJOR_ROAD
trafficData187244.csv,2014-02-13 11:30:00,2014-06-09 05:35:00,Aarhus,Søren Frichs Vej 80,8230,"56.14774074192765, 10.158060728836062",Aarhus,Viby Ringvej 80,8230,"56.148242094184255, 10.149874309192683",641,65,36,MAJOR_ROAD
trafficData187271.csv,2014-02-13 11:30:00,2014-06-09 05:35:00,Aarhus,Viby Ringvej 104,8230,"56.14051551675728, 10.154338145998054",Aarhus,Søren Frichs Vej 80,8230,"56.14774074192765, 10.158060728836062",1080,84,46,MAJOR_ROAD
trafficData187297.csv,2014-02-13 11:30:00,2014-06-09 05:35:00,Aarhus,Søren Frichs Vej 80,8230,"56.14774074192765, 10.158060728836062",Aarhus,Viby Ringvej 104,8230,"56.1404960893661, 10.154132957008414",1093,91,43,MAJOR_ROAD
trafficData187324.csv,2014-02-13 11:30:00,2014-06-09 05:35:00,Aarhus,Viby Ringvej 104,8230,"56.1404960893661, 10.154132957008414",Aarhus,Haveforening Af 1918 4,8000,"56.13953206657349, 10.177203408737114",2013,137,53,MAJOR_ROAD
trafficData187350.csv,2014-02-13 11:30:00,2014-06-09 05:35:00,Aarhus,Marselis Boulevard 174,8000,"56.13962771141822, 10.177235595245293",Aarhus,Viby Ringvej 104,8230,"56.14051551675728, 10.154338145998054",1873,109,62,MAJOR_ROAD
trafficData187377.csv,2014-02-13 11:30:00,2014-06-09 05:35:00,Aarhus,Viby Ringvej 0,8260,"56.13203209461566, 10.157658842922274",Aarhus,Haveforening Af 1918 4,8000,"56.13953206657349, 10.177203408737114",1837,119,56,MAJOR_ROAD
trafficData187403.csv,2014-02-13 11:30:00,2014-06-09 05:35:00,Aarhus,Marselis Boulevard 174,8000,"56.13962771141822, 10.177235595245293",Aarhus,Viby Ringvej 174,8260,"56.13199024175818, 10.157454995037142",1904,126,54,MAJOR_ROAD
trafficData187430.csv,2014-02-13 11:30:00,2014-06-09 05:35:00,Aarhus,Viby Ringvej 0,8260,"56.13199024175818, 10.157454995037142",Aarhus,Skanderborgvej 222,8260,"56.125829583613914, 10.157709017196566",902,90,36,MAJOR_ROAD
trafficData187456.csv,2014-02-13 11:30:00,2014-06-09 05:35:00,Aarhus,Skanderborgvej 223,8260,"56.125743621869944, 10.15788067857352",Aarhus,Viby Ringvej 223,8260,"56.13203209461566, 10.157658842922274",928,91,37,MAJOR_ROAD
trafficData187483.csv,2014-02-13 11:30:00,2014-06-09 05:35:00,Aarhus,Viby Ringvej 0,8260,"56.13199024175818, 10.157454995037142",Aarhus,Skanderborgvej 169,8260,"56.13096577062022, 10.166318618385276",858,102,30,MAJOR_ROAD
trafficData187509.csv,2014-02-13 11:30:00,2014-06-09 05:35:00,Aarhus,Skanderborgvej 168,8260,"56.131053962866226, 10.166163050262412",Aarhus,Viby Ringvej 168,8260,"56.13203209461566, 10.157658842922274",823,84,35,MAJOR_ROAD
trafficData187536.csv,2014-02-13 11:30:00,2014-06-09 05:35:00,Risskov,Grenåvej 105,8240,"56.18290049276627, 10.21780255092608",Aarhus,Nordre Ringgade 98,8200,"56.17405423428392, 10.213484466270415",1096,105,38,MAJOR_ROAD
trafficData187562.csv,2014-02-13 11:30:00,2014-06-09 05:35:00,Aarhus,Nordre Ringgade 98,8200,"56.17405423428392, 10.213484466270415",Risskov,Grenåvej 105,8240,"56.18290049276627, 10.217978235616556",1099,99,40,MAJOR_ROAD
trafficData187589.csv,2014-02-13 11:30:00,2014-06-09 05:35:00,Aarhus,Nordre Ringgade 64B,8200,"56.17243586196818, 10.209219127208598",Aarhus,Randersvej 54,8200,"56.17606861552515, 10.201770887067823",802,93,31,MAJOR_ROAD
trafficData187615.csv,2014-02-13 11:30:00,2014-06-09 05:35:00,Aarhus Municipality,Randersvej 51,8200,"56.176038754874654, 10.201616660049467",Aarhus,Nordre Ringgade 64B,8200,"56.17235120664372, 10.209275766864721",839,97,31,MAJOR_ROAD
trafficData187642.csv,2014-02-13 11:30:00,2014-06-09 05:35:00,Aarhus,Nordre Ringgade 64B,8200,"56.17243586196818, 10.209219127208598",Aarhus,Nørrebrogade 45,8000,"56.16813760017301, 10.20690854480938",730,86,31,MAJOR_ROAD
trafficData187668.csv,2014-02-13 11:30:00,2014-06-09 05:35:00,Aarhus,Nørrebrogade 44,8000,"56.16816672029917, 10.207060089618722",Aarhus,Nordre Ringgade 64B,8200,"56.17235120664372, 10.209275766864721",691,76,33,MAJOR_ROAD
trafficData187695.csv,2014-02-13 11:30:00,2014-06-09 05:35:00,Aarhus,Nordre Ringgade 0,8000,"56.171122550932225, 10.201447428241636",Aarhus,Randersvej 54,8200,"56.17606861552515, 10.201770887067823",752,89,30,MAJOR_ROAD
trafficData187721.csv,2014-02-13 11:30:00,2014-06-09 05:35:00,Aarhus Municipality,Randersvej 51,8200,"56.176038754874654, 10.201616660049467",Aarhus,Nordre Ringgade 3,8000,"56.17122707649042, 10.201380373016264",700,72,35,MAJOR_ROAD
trafficData187748.csv,2014-02-13 11:30:00,2014-06-09 05:35:00,Aarhus,Nordre Ringgade 0,8000,"56.171122550932225, 10.201447428241636",Aarhus,Nørrebrogade 45,8000,"56.16813760017301, 10.20690854480938",604,69,32,MAJOR_ROAD
trafficData187774.csv,2014-02-13 11:30:00,2014-06-09 05:35:00,Aarhus,Nørrebrogade 44,8000,"56.16816672029917, 10.207060089618722",Aarhus,Nordre Ringgade 3,8000,"56.17122707649042, 10.201380373016264",643,90,26,MAJOR_ROAD
trafficData187801.csv,2014-02-13 11:30:00,2014-06-09 05:35:00,Aarhus,Vestre Ringgade 61,8200,"56.16945046812791, 10.194338714120931",Aarhus,Paludan-Müllers Vej 95,8210,"56.170278565367, 10.186652602364234",671,86,28,MAJOR_ROAD
trafficData187827.csv,2014-02-13 11:30:00,2014-06-09 05:35:00,Aarhus,Paludan-Müllers Vej 95,8210,"56.170278565367, 10.186652602364234",Aarhus,Vestre Ringgade 210,8000,"56.16929516572502, 10.194526468751974",696,80,31,MAJOR_ROAD
trafficData187854.csv,2014-02-13 11:30:00,2014-06-09 05:35:00,Aarhus,Vestre Ringgade 53,8210,"56.16389697427008, 10.18616224669654",Aarhus,Paludan-Müllers Vej 95,8210,"56.170278565367, 10.186652602364234",910,105,31,MAJOR_ROAD
trafficData187880.csv,2014-02-13 11:30:00,2014-06-09 05:35:00,Aarhus,Paludan-Müllers Vej 95,8210,"56.170278565367, 10.186652602364234",Aarhus,Vestre Ringgade 53,8210,"56.163969409207326, 10.185844404928275",890,81,40,MAJOR_ROAD
trafficData187907.csv,2014-02-13 11:30:00,2014-06-09 05:35:00,Aarhus,Vestre Ringgade 53,8210,"56.163969409207326, 10.185844404928275",Aarhus,Viborgvej 47,8210,"56.162446952950255, 10.17839594725615",691,65,38,MAJOR_ROAD
trafficData187933.csv,2014-02-13 11:30:00,2014-06-09 05:35:00,Aarhus,Viborgvej 47,8210,"56.162369287665825, 10.178335597553314",Aarhus,Vestre Ringgade 53,8210,"56.16389697427008, 10.18616224669654",731,69,38,MAJOR_ROAD
trafficData187960.csv,2014-02-13 11:30:00,2014-06-09 05:35:00,Aarhus,Vestre Ringgade 53,8210,"56.163969409207326, 10.185844404928275",Aarhus,Viborgvej 14,8000,"56.159418709313904, 10.187763760747885",737,64,41,MAJOR_ROAD
trafficData187986.csv,2014-02-13 11:30:00,2014-06-09 05:35:00,Aarhus,Viborgvej 14,8000,"56.159418709313904, 10.187763760747885",Aarhus,Vestre Ringgade 53,8210,"56.16389697427008, 10.18616224669654",707,67,38,MAJOR_ROAD
trafficData188013.csv,2014-02-13 11:30:00,2014-06-09 05:35:00,Aarhus,Vestre Ringgade 70,8000,"56.1589844936963, 10.182944170639075",Aarhus,Viborgvej 47,8210,"56.162446952950255, 10.17839594725615",560,57,35,MAJOR_ROAD
trafficData188039.csv,2014-02-13 11:30:00,2014-06-09 05:35:00,Aarhus,Viborgvej 47,8210,"56.162369287665825, 10.178335597553314",Aarhus,Vestre Ringgade 45,8000,"56.15898299999999, 10.182659856483497",535,50,39,MAJOR_ROAD
trafficData188066.csv,2014-02-13 11:30:00,2014-06-09 05:35:00,Aarhus,Vestre Ringgade 70,8000,"56.1589844936963, 10.182944170639075",Aarhus,Viborgvej 14,8000,"56.159418709313904, 10.187763760747885",534,51,38,MAJOR_ROAD
trafficData188092.csv,2014-02-13 11:30:00,2014-06-09 05:35:00,Aarhus,Viborgvej 14,8000,"56.159418709313904, 10.187763760747885",Aarhus,Vestre Ringgade 45,8000,"56.15898299999999, 10.182659856483497",583,63,33,MAJOR_ROAD
trafficData188119.csv,2014-02-13 11:30:00,2014-06-09 05:35:00,Aarhus,Vestre Ringgade 45,8000,"56.15898299999999, 10.182659856483497",Aarhus,Silkeborgvej 188,8000,"56.15591411050229, 10.176133542327875",703,62,41,MAJOR_ROAD
trafficData188145.csv,2014-02-13 11:30:00,2014-06-09 05:35:00,Aarhus,Silkeborgvej 188,8000,"56.15591411050229, 10.176133542327875",Aarhus,Vestre Ringgade 70,8000,"56.1589844936963, 10.182944170639075",725,78,33,MAJOR_ROAD
trafficData188172.csv,2014-02-13 11:30:00,2014-06-09 05:35:00,Aarhus,Vestre Ringgade 0,8000,"56.15499691392427, 10.182841611114554",Aarhus,Silkeborgvej 188,8000,"56.15591411050229, 10.176133542327875",566,64,32,MAJOR_ROAD
trafficData188198.csv,2014-02-13 11:30:00,2014-06-09 05:35:00,Aarhus,Silkeborgvej 188,8000,"56.15591411050229, 10.176133542327875",Aarhus,Vestre Ringgade 41,8000,"56.15498346925998, 10.182616305557303",540,62,31,MAJOR_ROAD
trafficData188225.csv,2014-02-13 11:30:00,2014-06-09 05:35:00,Aarhus,Vestre Ringgade 41,8000,"56.15498346925998, 10.182616305557303",Århus C,Søren Frichs Vej 39,8000,"56.151949698562795, 10.17614185152047",637,65,35,MAJOR_ROAD
trafficData188251.csv,2014-02-13 11:30:00,2014-06-09 05:35:00,Århus C,Søren Frichs Vej 39,8000,"56.151949698562795, 10.17614185152047",Aarhus,Vestre Ringgade 39,8000,"56.15499691392427, 10.182841611114554",676,96,25,MAJOR_ROAD
trafficData189941.csv,2014-02-13 11:30:00,2014-06-09 05:35:00,Aarhus,Søndre Ringgade 0,8000,"56.14984790483175, 10.183679466270405",Århus C,Søren Frichs Vej 39,8000,"56.151949698562795, 10.17614185152047",857,96,32,MAJOR_ROAD
trafficData189967.csv,2014-02-13 11:30:00,2014-06-09 05:35:00,Århus C,Søren Frichs Vej 39,8000,"56.151949698562795, 10.17614185152047",Aarhus,Søndre Ringgade 0,8000,"56.149807565419565, 10.183499758266407",838,96,31,MAJOR_ROAD
trafficData189994.csv,2014-02-13 11:30:00,2014-06-09 05:35:00,Aarhus,Søndre Ringgade 63,8000,"56.14563850929, 10.186762304229774",Aarhus,Skanderborgvej 26,8000,"56.14258759218248, 10.186756880950952",447,56,29,MAJOR_ROAD
trafficData190020.csv,2014-02-13 11:30:00,2014-06-09 05:35:00,Aarhus,Skanderborgvej 7,8000,"56.14251885276732, 10.186880262565637",Aarhus,Søndre Ringgade 52,8000,"56.1457221852484, 10.186944694442786",481,53,33,MAJOR_ROAD
trafficData190047.csv,2014-02-13 11:30:00,2014-06-09 05:35:00,Aarhus,Nørreport 93,8000,"56.161017815103236, 10.21197608217426",Aarhus,Kystvejen 59,8000,"56.161597269074186, 10.215389695770227",366,58,23,MAJOR_ROAD
trafficData190073.csv,2014-02-13 11:30:00,2014-06-09 05:35:00,Aarhus,Kystvejen 59,8000,"56.161597269074186, 10.215389695770227",Aarhus,Nørreport 18,8000,"56.16107681293822, 10.2121812711639",333,62,19,MAJOR_ROAD
trafficData190100.csv,2014-02-13 11:30:00,2014-06-09 05:35:00,Aarhus,Nørreport 93,8000,"56.161017815103236, 10.21197608217426",Aarhus,Spanien 63,8000,"56.14892750591274, 10.209599775463175",1490,202,27,MAJOR_ROAD
trafficData190126.csv,2014-02-13 11:30:00,2014-06-09 05:35:00,Aarhus,Spanien 63,8000,"56.14892750591274, 10.209599775463175",Aarhus,Nørreport 18,8000,"56.16107681293822, 10.2121812711639",1508,238,23,MAJOR_ROAD
trafficData190153.csv,2014-02-13 11:30:00,2014-06-09 05:35:00,Aarhus,Marselis Boulevard 135,8000,"56.13959744418457, 10.186632644180236",Aarhus,Skanderborgvej 7,8000,"56.14251885276732, 10.186880262565637",750,79,34,MAJOR_ROAD
trafficData190179.csv,2014-02-13 11:30:00,2014-06-09 05:35:00,Aarhus,Skanderborgvej 26,8000,"56.14258759218248, 10.186756880950952",Aarhus,Marselis Boulevard 135,8000,"56.139477887997344, 10.186664830688414",822,115,26,MAJOR_ROAD
trafficData190206.csv,2014-02-13 11:30:00,2014-06-09 05:35:00,Aarhus,Marselis Boulevard 135,8000,"56.13959744418457, 10.186632644180236",Aarhus,Skanderborgvej 106,8260,"56.13844851575673, 10.179150601188667",509,46,40,MAJOR_ROAD
trafficData190232.csv,2014-02-13 11:30:00,2014-06-09 05:35:00,Aarhus,Skanderborgvej 107,8260,"56.138322977998705, 10.179336344162948",Aarhus,Marselis Boulevard 135,8000,"56.139477887997344, 10.186664830688414",500,43,42,MAJOR_ROAD
trafficData190259.csv,2014-02-13 11:30:00,2014-06-09 05:35:00,Aarhus,Haveforening Af 1918 4,8000,"56.13953206657349, 10.177203408737114",Aarhus,Skanderborgvej 7,8000,"56.14251885276732, 10.186880262565637",746,85,32,MAJOR_ROAD
trafficData190285.csv,2014-02-13 11:30:00,2014-06-09 05:35:00,Aarhus,Skanderborgvej 26,8000,"56.14258759218248, 10.186756880950952",Aarhus,Marselis Boulevard 174,8000,"56.13962771141822, 10.177235595245293",734,61,43,MAJOR_ROAD
trafficData190312.csv,2014-02-13 11:30:00,2014-06-09 05:35:00,Aarhus,Haveforening Af 1918 4,8000,"56.13953206657349, 10.177203408737114",Aarhus,Skanderborgvej 106,8260,"56.13844851575673, 10.179150601188667",422,50,30,MAJOR_ROAD
trafficData190338.csv,2014-02-13 11:30:00,2014-06-09 05:35:00,Aarhus,Skanderborgvej 107,8260,"56.138322977998705, 10.179336344162948",Aarhus,Marselis Boulevard 174,8000,"56.13962771141822, 10.177235595245293",494,95,19,MAJOR_ROAD
trafficData190367.csv,2014-02-13 11:30:00,2014-06-09 05:35:00,Skødstrup,Grenåvej 0,8541,"56.25625595964834, 10.303667644180337",Ega,Grenåvej 503,8250,"56.230013292978384, 10.293740482139583",3104,245,46,MAJOR_ROAD
trafficData190393.csv,2014-02-13 11:30:00,2014-06-09 05:35:00,Ega,Grenåvej 534,8250,"56.229971546821645, 10.293955058860774",Skødstrup,Grenåvej 0,8541,"56.25625595964834, 10.303667644180337",3115,244,46,MAJOR_ROAD
trafficData190421.csv,2014-02-13 11:30:00,2014-06-09 05:35:00,Ega,Grenåvej 503,8250,"56.230013292978384, 10.293740482139583",Ega,Grenåvej 481,8250,"56.21163929866206, 10.277436490737955",2279,131,63,MAJOR_ROAD
trafficData190447.csv,2014-02-13 11:30:00,2014-06-09 05:35:00,Ega,Grenåvej 481,8250,"56.21155278296297, 10.27770202943043",Ega,Grenåvej 534,8250,"56.229971546821645, 10.293955058860774",2282,140,59,MAJOR_ROAD
trafficData190475.csv,2014-02-13 11:30:00,2014-06-09 05:35:00,Ega,Grenåvej 481,8250,"56.21163929866206, 10.277436490737955",Ega,Grenåvej 481,8250,"56.207098572394976, 10.267205839286817",829,58,51,MAJOR_ROAD
trafficData190501.csv,2014-02-13 11:30:00,2014-06-09 05:35:00,Ega,Grenåvej 440,8250,"56.206985193530365, 10.267323856483472",Ega,Grenåvej 481,8250,"56.21155278296297, 10.27770202943043",838,53,57,MAJOR_ROAD
trafficData190529.csv,2014-02-13 11:30:00,2014-06-09 05:35:00,Ega,Grenåvej 0,8250,"56.207098572394976, 10.267205839286817",Ega,Grenåvej 425,8250,"56.20496203409241, 10.259470361936565",534,38,51,MAJOR_ROAD
trafficData190555.csv,2014-02-13 11:30:00,2014-06-09 05:35:00,Ega,Grenåvej 402,8250,"56.20482701617347, 10.259584355819698",Ega,Grenåvej 440,8250,"56.206985193530365, 10.267323856483472",535,38,51,MAJOR_ROAD
trafficData190583.csv,2014-02-13 11:30:00,2014-06-09 05:35:00,Ega,Grenåvej 425,8250,"56.20496203409241, 10.259470361936565",Risskov,Grenåvej 337,8240,"56.2026461982616, 10.25068287483407",602,38,57,MAJOR_ROAD
trafficData190609.csv,2014-02-13 11:30:00,2014-06-09 05:35:00,Risskov,Ålykkevej 41,8240,"56.20251117218925, 10.250786139881143",Ega,Grenåvej 402,8250,"56.20482701617347, 10.259584355819698",602,36,60,MAJOR_ROAD
trafficData190637.csv,2014-02-13 11:30:00,2014-06-09 05:35:00,Risskov,Grenåvej 337,8240,"56.2026461982616, 10.25068287483407",Risskov,Grenåvej 337,8240,"56.20056009742038, 10.241876431877131",592,40,53,MAJOR_ROAD
trafficData190663.csv,2014-02-13 11:30:00,2014-06-09 05:35:00,Risskov,Grenåvej 41,8240,"56.20043625463636, 10.241989084655756",Risskov,Ålykkevej 41,8240,"56.20251117218925, 10.250786139881143",591,37,58,MAJOR_ROAD
trafficData190691.csv,2014-02-13 11:30:00,2014-06-09 05:35:00,Risskov,Grenåvej 0,8240,"56.20056009742038, 10.241876431877131",Risskov,Grenåvej 0,8240,"56.19774431284465, 10.228593618385275",881,60,53,MAJOR_ROAD
trafficData190717.csv,2014-02-13 11:30:00,2014-06-09 05:35:00,Risskov,Grenåvej 0,8240,"56.19765179702361, 10.228639215938529",Risskov,Grenåvej 0,8240,"56.20043625463636, 10.241989084655756",883,57,56,MAJOR_ROAD
trafficData190744.csv,2014-02-13 11:30:00,2014-06-09 05:35:00,Risskov,Grenåvej 0,8240,"56.19774431284465, 10.228593618385275",Risskov,Grenåvej 0,8240,"56.19371107014121, 10.218878251485876",813,55,53,MAJOR_ROAD
trafficData190770.csv,2014-02-13 11:30:00,2014-06-09 05:35:00,Risskov,Grenåvej 0,8240,"56.19369241581476, 10.21908612268453",Risskov,Grenåvej 0,8240,"56.19765179702361, 10.228639215938529",797,49,59,MAJOR_ROAD
trafficData190799.csv,2014-02-13 11:30:00,2014-06-09 05:35:00,Hjortshøj,Mejlbyvej 285,8530,"56.242032790256985, 10.261365288360594",Ega,Mejlbyvej 58,8250,"56.22020076302727, 10.267762215938546",2502,169,53,MAJOR_ROAD
trafficData190825.csv,2014-02-13 11:30:00,2014-06-09 05:35:00,Ega,Mejlbyvej 58,8250,"56.22020076302727, 10.267762215938546",Hjortshøj,Mejlbyvej 285,8530,"56.242053656769514, 10.261464530094145",2502,176,51,MAJOR_ROAD
trafficData190853.csv,2014-02-13 11:30:00,2014-06-09 05:35:00,Ega,Mejlbyvej 58,8250,"56.22020076302727, 10.267762215938546",Ega,Mejlbyvej 2B,8250,"56.2107989833621, 10.269519082174156",1107,80,50,MAJOR_ROAD
trafficData190879.csv,2014-02-13 11:30:00,2014-06-09 05:35:00,Ega,Mejlbyvej 4,8250,"56.210806441766366, 10.269670626983498",Ega,Mejlbyvej 58,8250,"56.22020076302727, 10.267762215938546",1109,81,49,MAJOR_ROAD
trafficData190908.csv,2014-02-13 11:30:00,2014-06-09 05:35:00,Lystrup,Lystrupvej 201,8520,"56.21728389714838, 10.233619432540877",Risskov,Lystrupvej 42,8240,"56.205074, 10.236217525131224",1377,136,36,MAJOR_ROAD
trafficData190934.csv,2014-02-13 11:30:00,2014-06-09 05:35:00,Risskov,Lystrupvej 42,8240,"56.205074, 10.236217525131224",Lystrup,Lystrupvej 201,8520,"56.21728389714838, 10.233619432540877",1383,130,38,MAJOR_ROAD
trafficData190963.csv,2014-02-13 11:30:00,2014-06-09 05:35:00,Aarhus,Humlehusvej 16,8200,"56.20103008023493, 10.169078780426162",Aarhus,Skejby Nordlandsvej 311,8200,"56.2049938543326, 10.17926542270186",809,91,32,MAJOR_ROAD
trafficData192438.csv,2014-02-13 11:30:00,2014-06-09 05:35:00,Aarhus,Skejby Nordlandsvej 311,8200,"56.2049938543326, 10.17926542270186",Aarhus,Humlehusvej 16,8200,"56.20114198464991, 10.168842746032851",843,99,31,MAJOR_ROAD
trafficData192466.csv,2014-02-13 11:30:00,2014-06-09 05:35:00,Aarhus,Skejby Nordlandsvej 311,8200,"56.2049938543326, 10.17926542270186",Risskov,Sindalsvej 40,8240,"56.210237386910975, 10.21333293005955",2274,188,44,MAJOR_ROAD
trafficData192492.csv,2014-02-13 11:30:00,2014-06-09 05:35:00,Risskov,Sindalsvej 40,8240,"56.210237386910975, 10.21333293005955",Aarhus,Skejby Nordlandsvej 311,8200,"56.2049938543326, 10.17926542270186",2283,187,44,MAJOR_ROAD
trafficData192520.csv,2014-02-13 11:30:00,2014-06-09 05:35:00,Risskov,Sindalsvej 40,8240,"56.210237386910975, 10.21333293005955",Risskov,Viengevej 0,8240,"56.20913963031665, 10.246642527612721",2248,193,42,MAJOR_ROAD
trafficData192546.csv,2014-02-13 11:30:00,2014-06-09 05:35:00,Risskov,Viengevej 0,8240,"56.20913963031665, 10.246642527612721",Risskov,Sindalsvej 40,8240,"56.210237386910975, 10.21333293005955",2251,183,44,MAJOR_ROAD
trafficData192574.csv,2014-02-13 11:30:00,2014-06-09 05:35:00,Aarhus,Randersvej 0,8200,"56.19920218884512, 10.182238219573946",Aarhus,Randersvej 0,8200,"56.18950967440927, 10.190940219574031",1210,82,53,MAJOR_ROAD
trafficData192600.csv,2014-02-13 11:30:00,2014-06-09 05:35:00,Aarhus,Randersvej 210,8200,"56.18958131478287, 10.191119927578029",Aarhus,Randersvej 210,8200,"56.19922307868954, 10.182444749668093",1204,80,54,MAJOR_ROAD
trafficData192627.csv,2014-02-13 11:30:00,2014-06-09 05:35:00,Aarhus,Randersvej 0,8200,"56.18950967440927, 10.190940219574031",Århus N,Randersvej 141,8200,"56.18461478101305, 10.195804343585905",627,54,42,MAJOR_ROAD
trafficData192653.csv,2014-02-13 11:30:00,2014-06-09 05:35:00,Aarhus,Randersvej 0,8200,"56.184659561973874, 10.19604842460626",Aarhus,Randersvej 210,8200,"56.18958131478287, 10.191119927578029",631,55,41,MAJOR_ROAD
trafficData192681.csv,2014-02-13 11:30:00,2014-06-09 05:35:00,Risskov,Vestre Strandalle 70A,8240,"56.190387445286476, 10.223110775463056",Risskov,Vejlby Ringvej 70A,8240,"56.187071255964284, 10.212341355819717",763,89,31,MAJOR_ROAD
trafficData192707.csv,2014-02-13 11:30:00,2014-06-09 05:35:00,Risskov,Vejlby Ringvej 0,8240,"56.18696229571611, 10.212459373016372",Risskov,Vestre Strandalle 70A,8240,"56.190387445286476, 10.223110775463056",763,85,32,MAJOR_ROAD
trafficData192734.csv,2014-02-13 11:30:00,2014-06-09 05:35:00,Ega,Mejlbyvej 2B,8250,"56.2107989833621, 10.269519082174156",Ega,Grenåvej 481,8250,"56.21155278296297, 10.27770202943043",918,74,45,MAJOR_ROAD
trafficData192760.csv,2014-02-13 11:30:00,2014-06-09 05:35:00,Ega,Grenåvej 481,8250,"56.21163929866206, 10.277436490737955",Ega,Mejlbyvej 4,8250,"56.210806441766366, 10.269670626983498",881,67,47,MAJOR_ROAD
trafficData192787.csv,2014-02-13 11:30:00,2014-06-09 05:35:00,Ega,Mejlbyvej 2B,8250,"56.2107989833621, 10.269519082174156",Ega,Grenåvej 2B,8250,"56.207098572394976, 10.267205839286817",566,54,38,MAJOR_ROAD
trafficData192813.csv,2014-02-13 11:30:00,2014-06-09 05:35:00,Ega,Grenåvej 440,8250,"56.206985193530365, 10.267323856483472",Ega,Mejlbyvej 4,8250,"56.210806441766366, 10.269670626983498",586,63,33,MAJOR_ROAD
trafficData192840.csv,2014-02-13 11:30:00,2014-06-09 05:35:00,Risskov,Viengevej 0,8240,"56.20913963031665, 10.246642527612721",Ega,Grenåvej 402,8250,"56.20482701617347, 10.259584355819698",1131,101,40,MAJOR_ROAD
trafficData192866.csv,2014-02-13 11:30:00,2014-06-09 05:35:00,Ega,Grenåvej 425,8250,"56.20496203409241, 10.259470361936565",Risskov,Viengevej 425,8240,"56.20913963031665, 10.246642527612721",1103,83,48,MAJOR_ROAD
trafficData192893.csv,2014-02-13 11:30:00,2014-06-09 05:35:00,Risskov,Lystrupvej 42,8240,"56.205074, 10.236217525131224",Risskov,Grenåvej 42,8240,"56.20043625463636, 10.241989084655756",948,94,36,MAJOR_ROAD
trafficData192919.csv,2014-02-13 11:30:00,2014-06-09 05:35:00,Risskov,Grenåvej 0,8240,"56.20056009742038, 10.241876431877131",Risskov,Lystrupvej 42,8240,"56.205074, 10.236217525131224",925,78,43,MAJOR_ROAD
trafficData192946.csv,2014-02-13 11:30:00,2014-06-09 05:35:00,Risskov,Lystrupvej 42,8240,"56.205074, 10.236217525131224",Risskov,Grenåvej 42,8240,"56.19774431284465, 10.228593618385275",1207,99,44,MAJOR_ROAD
trafficData192972.csv,2014-02-13 11:30:00,2014-06-09 05:35:00,Risskov,Grenåvej 0,8240,"56.19765179702361, 10.228639215938529",Risskov,Lystrupvej 42,8240,"56.205074, 10.236217525131224",1219,103,43,MAJOR_ROAD
trafficData193000.csv,2014-02-13 11:30:00,2014-06-09 05:35:00,Risskov,Vejlby Centervej 7,8240,"56.19677547153966, 10.216211542327983",Risskov,Grenåvej 7,8240,"56.19765179702361, 10.228639215938529",872,88,36,MAJOR_ROAD
trafficData193026.csv,2014-02-13 11:30:00,2014-06-09 05:35:00,Risskov,Grenåvej 0,8240,"56.19774431284465, 10.228593618385275",Risskov,Vejlby Centervej 7,8240,"56.196878435033454, 10.216251775463206",854,76,40,MAJOR_ROAD
trafficData193053.csv,2014-02-13 11:30:00,2014-06-09 05:35:00,Risskov,Vejlby Centervej 7,8240,"56.19677547153966, 10.216211542327983",Risskov,Grenåvej 7,8240,"56.19371107014121, 10.218878251485876",519,62,30,MAJOR_ROAD
trafficData193079.csv,2014-02-13 11:30:00,2014-06-09 05:35:00,Risskov,Grenåvej 0,8240,"56.19369241581476, 10.21908612268453",Risskov,Vejlby Centervej 7,8240,"56.196878435033454, 10.216251775463206",543,66,30,MAJOR_ROAD
trafficData193106.csv,2014-02-13 11:30:00,2014-06-09 05:35:00,Risskov,Vestre Strandalle 70A,8240,"56.190387445286476, 10.223110775463056",Risskov,Grenåvej 70A,8240,"56.19369241581476, 10.21908612268453",810,84,35,MAJOR_ROAD
trafficData193132.csv,2014-02-13 11:30:00,2014-06-09 05:35:00,Risskov,Grenåvej 0,8240,"56.19371107014121, 10.218878251485876",Risskov,Vestre Strandalle 70A,8240,"56.190387445286476, 10.223110775463056",881,112,28,MAJOR_ROAD
trafficData193159.csv,2014-02-13 11:30:00,2014-06-09 05:35:00,Risskov,Vestre Strandalle 70A,8240,"56.190387445286476, 10.223110775463056",Risskov,Grenåvej 125,8240,"56.18655111946821, 10.218124775463139",611,76,29,MAJOR_ROAD
trafficData193185.csv,2014-02-13 11:30:00,2014-06-09 05:35:00,Risskov,Grenåvej 126,8240,"56.186546268439095, 10.218303812914883",Risskov,Vestre Strandalle 70A,8240,"56.190387445286476, 10.223110775463056",587,59,36,MAJOR_ROAD
trafficData193213.csv,2014-02-13 11:30:00,2014-06-09 05:35:00,Aarhus,Paludan-Müllers Vej 231,8200,"56.179322409643085, 10.175338207340246",Aarhus,Paludan-Müllers Vej 48,8200,"56.17389164456407, 10.182183959489976",742,96,28,MAJOR_ROAD
trafficData193239.csv,2014-02-13 11:30:00,2014-06-09 05:35:00,Aarhus,Paludan-Müllers Vej 48,8200,"56.17389164456407, 10.182183959489976",Aarhus,Paludan-Müllers Vej 231,8200,"56.179322409643085, 10.175338207340246",743,92,29,MAJOR_ROAD
trafficData193268.csv,2014-02-13 11:30:00,2014-06-09 05:35:00,Tilst,Viborgvej 0,8381,"56.18959388227456, 10.07666460978703",Tilst,Viborgvej 0,8381,"56.18546282170713, 10.096344851520598",1320,90,53,MAJOR_ROAD
trafficData193294.csv,2014-02-13 11:30:00,2014-06-09 05:35:00,Tilst,Viborgvej 0,8381,"56.18546282170713, 10.096344851520598",Tilst,Viborgvej 0,8381,"56.18959388227456, 10.07666460978703",1324,99,48,MAJOR_ROAD
trafficData193322.csv,2014-02-13 11:30:00,2014-06-09 05:35:00,Tilst,Viborgvej 0,8381,"56.18546282170713, 10.096344851520598",Tilst,Viborgvej 389,8381,"56.182637286706964, 10.113531440475526",1111,68,59,MAJOR_ROAD
trafficData193348.csv,2014-02-13 11:30:00,2014-06-09 05:35:00,Tilst,Viborgvej 389,8381,"56.182637286706964, 10.113531440475526",Tilst,Viborgvej 389,8381,"56.18546282170713, 10.096344851520598",1110,74,54,MAJOR_ROAD
trafficData193376.csv,2014-02-13 11:30:00,2014-06-09 05:35:00,Tilst,Viborgvej 389,8381,"56.182637286706964, 10.113531440475526",Aarhus,Viborgvej 295,8210,"56.17941549701764, 10.130153804893553",1093,73,54,MAJOR_ROAD
trafficData193402.csv,2014-02-13 11:30:00,2014-06-09 05:35:00,Aarhus,Viborgvej 295,8210,"56.17941549701764, 10.130153804893553",Tilst,Viborgvej 389,8381,"56.182637286706964, 10.113531440475526",1096,73,54,MAJOR_ROAD
trafficData193430.csv,2014-02-13 11:30:00,2014-06-09 05:35:00,Aarhus,Viborgvej 295,8210,"56.17941549701764, 10.130153804893553",Aarhus,Viborgvej 277,8210,"56.17734056158762, 10.138347076057471",558,35,57,MAJOR_ROAD
trafficData194878.csv,2014-02-13 11:30:00,2014-06-09 05:35:00,Aarhus,Viborgvej 280,8210,"56.17741297116948, 10.138403402446784",Aarhus,Viborgvej 295,8210,"56.17941549701764, 10.130153804893553",557,34,59,MAJOR_ROAD
trafficData194905.csv,2014-02-13 11:30:00,2014-06-09 05:35:00,Aarhus,Viborgvej 277,8210,"56.17734056158762, 10.138347076057471",Aarhus,Viborgvej 209,8210,"56.17262995803033, 10.153436152114864",1083,65,60,MAJOR_ROAD
trafficData194931.csv,2014-02-13 11:30:00,2014-06-09 05:35:00,Aarhus,Viborgvej 209,8210,"56.17267848588397, 10.153508571758266",Aarhus,Viborgvej 280,8210,"56.17741297116948, 10.138403402446784",1085,67,58,MAJOR_ROAD
trafficData194960.csv,2014-02-13 11:30:00,2014-06-09 05:35:00,Tilst,Anelystvej 0,8381,"56.18277313796047, 10.101564720237775",Tilst,Anelystvej 35,8381,"56.16716656043954, 10.093516609210042",1867,157,43,MAJOR_ROAD
trafficData194986.csv,2014-02-13 11:30:00,2014-06-09 05:35:00,Tilst,Anelystvej 35,8381,"56.16718933444926, 10.093612498182324",Tilst,Anelystvej 35,8381,"56.18271715899992, 10.101720288360639",1855,148,45,MAJOR_ROAD
trafficData195015.csv,2014-02-13 11:30:00,2014-06-09 05:35:00,Aarhus,Holmstrupgårdvej 150,8210,"56.178402535294865, 10.12084169080731",Aarhus,Holmstrupgårdvej 28,8220,"56.169454614092764, 10.11966875826647",1018,93,39,MAJOR_ROAD
trafficData195041.csv,2014-02-13 11:30:00,2014-06-09 05:35:00,Aarhus,Holmstrupgårdvej 28,8220,"56.169454614092764, 10.11966875826647",Aarhus,Holmstrupgårdvej 150,8210,"56.178402535294865, 10.12084169080731",1015,91,40,MAJOR_ROAD
trafficData195070.csv,2014-02-13 11:30:00,2014-06-09 05:35:00,Aarhus,Edwin Rahrs Vej 0,8220,"56.15962240514419, 10.077223474868788",Aarhus,Edwin Rahrs Vej 73-75,8220,"56.16459887184971, 10.109984271163967",2196,174,45,MAJOR_ROAD
trafficData195096.csv,2014-02-13 11:30:00,2014-06-09 05:35:00,Aarhus,Edwin Rahrs Vej 73-75,8220,"56.16459887184971, 10.109984271163967",Aarhus,Edwin Rahrs Vej 73-75,8220,"56.15966870893221, 10.07716983068849",2203,164,48,MAJOR_ROAD
trafficData195124.csv,2014-02-13 11:30:00,2014-06-09 05:35:00,Aarhus,Edwin Rahrs Vej 73-75,8220,"56.16459887184971, 10.109984271163967",Aarhus,Edwin Rahrs Vej 42,8220,"56.16254304778694, 10.125912580356612",1014,89,41,MAJOR_ROAD
trafficData195150.csv,2014-02-13 11:30:00,2014-06-09 05:35:00,Aarhus,Edwin Rahrs Vej 42,8220,"56.16254304778694, 10.125912580356612",Aarhus,Edwin Rahrs Vej 73-75,8220,"56.16459887184971, 10.109984271163967",1015,80,46,MAJOR_ROAD
trafficData195178.csv,2014-02-13 11:30:00,2014-06-09 05:35:00,Aarhus,Edwin Rahrs Vej 42,8220,"56.16254304778694, 10.125912580356612",Aarhus,Edwin Rahrs Vej 6B,8220,"56.162574351819416, 10.139154364418005",828,89,33,MAJOR_ROAD
trafficData195204.csv,2014-02-13 11:30:00,2014-06-09 05:35:00,Aarhus,Edwin Rahrs Vej 6B,8220,"56.1627072781356, 10.139116813491796",Aarhus,Edwin Rahrs Vej 42,8220,"56.16254304778694, 10.125912580356612",825,94,32,MAJOR_ROAD
trafficData195233.csv,2014-02-13 11:30:00,2014-06-09 05:35:00,Aarhus,Silkeborgvej 791,8220,"56.152447520476194, 10.064734635581999",Aarhus,Silkeborgvej 699,8220,"56.15286327729632, 10.087895233135214",1462,120,44,MAJOR_ROAD
trafficData195259.csv,2014-02-13 11:30:00,2014-06-09 05:35:00,Aarhus,Silkeborgvej 702,8220,"56.1529230346212, 10.087875116567602",Aarhus,Silkeborgvej 791,8220,"56.152447520476194, 10.064734635581999",1494,125,43,MAJOR_ROAD
trafficData195286.csv,2014-02-13 11:30:00,2014-06-09 05:35:00,Aarhus,Silkeborgvej 699,8220,"56.15286327729632, 10.087895233135214",Aarhus,Silkeborgvej 699,8220,"56.15328110479527, 10.110953550926183",1453,92,57,MAJOR_ROAD
trafficData195312.csv,2014-02-13 11:30:00,2014-06-09 05:35:00,Aarhus,Silkeborgvej 0,8220,"56.15328110479527, 10.110953550926183",Aarhus,Silkeborgvej 702,8220,"56.1529230346212, 10.087875116567602",1454,94,56,MAJOR_ROAD
trafficData195339.csv,2014-02-13 11:30:00,2014-06-09 05:35:00,Aarhus,Paludan-Müllers Vej 231,8200,"56.179322409643085, 10.175338207340246",Aarhus,Hasle Ringvej 231,8200,"56.178623267668705, 10.18461071717934",800,98,29,MAJOR_ROAD
trafficData195365.csv,2014-02-13 11:30:00,2014-06-09 05:35:00,Aarhus,Hasle Ringvej 0,8200,"56.17871060412596, 10.184485323907893",Aarhus,Paludan-Müllers Vej 231,8200,"56.179322409643085, 10.175338207340246",769,82,34,MAJOR_ROAD
trafficData195392.csv,2014-02-13 11:30:00,2014-06-09 05:35:00,Aarhus,Paludan-Müllers Vej 231,8200,"56.179322409643085, 10.175338207340246",Aarhus,Hasle Ringvej 231,8210,"56.17505006362324, 10.171526038028787",870,95,33,MAJOR_ROAD
trafficData195418.csv,2014-02-13 11:30:00,2014-06-09 05:35:00,Aarhus,Hasle Ringvej 0,8210,"56.174917180024806, 10.171611868717264",Aarhus,Paludan-Müllers Vej 231,8200,"56.179322409643085, 10.175338207340246",908,91,36,MAJOR_ROAD
trafficData195446.csv,2014-02-13 11:30:00,2014-06-09 05:35:00,Aarhus,Jernaldervej 7A,8210,"56.170886798880105, 10.149547918402732",Aarhus,Hasle Ringvej 36,8210,"56.17304495205962, 10.161823402446771",978,101,35,MAJOR_ROAD
trafficData195472.csv,2014-02-13 11:30:00,2014-06-09 05:35:00,Aarhus,Hasle Ringvej 27,8210,"56.17312782176926, 10.161757688325906",Aarhus,Jernaldervej 7A,8210,"56.170886798880105, 10.149547918402732",955,84,41,MAJOR_ROAD
trafficData195499.csv,2014-02-13 11:30:00,2014-06-09 05:35:00,Aarhus,Jernaldervej 7A,8210,"56.170886798880105, 10.149547918402732",Aarhus,Åby Ringvej 7A,8210,"56.16798814878688, 10.151387677246134",515,60,31,MAJOR_ROAD
trafficData195525.csv,2014-02-13 11:30:00,2014-06-09 05:35:00,Aarhus,Åby Ringvej 0,8210,"56.167867187555736, 10.1515794551907",Aarhus,Jernaldervej 7A,8210,"56.170886798880105, 10.149547918402732",546,59,33,MAJOR_ROAD
trafficData195552.csv,2014-02-13 11:30:00,2014-06-09 05:35:00,Aarhus,Edwin Rahrs Vej 6B,8220,"56.162574351819416, 10.139154364418005",Aarhus,Åby Ringvej 6B,8210,"56.167867187555736, 10.1515794551907",1090,93,42,MAJOR_ROAD
trafficData195578.csv,2014-02-13 11:30:00,2014-06-09 05:35:00,Aarhus,Åby Ringvej 0,8210,"56.16798814878688, 10.151387677246134",Aarhus,Edwin Rahrs Vej 6B,8220,"56.1627072781356, 10.139116813491796",1074,86,45,MAJOR_ROAD
trafficData195605.csv,2014-02-13 11:30:00,2014-06-09 05:35:00,Aarhus,Edwin Rahrs Vej 6B,8220,"56.162574351819416, 10.139154364418005",Aarhus,Åby Ringvej 0,8230,"56.1601908856982, 10.143257948409996",581,51,41,MAJOR_ROAD
trafficData195631.csv,2014-02-13 11:30:00,2014-06-09 05:35:00,Aarhus,Åby Ringvej 6B,8230,"56.16018043015113, 10.143520804893456",Aarhus,Edwin Rahrs Vej 6B,8220,"56.1627072781356, 10.139116813491796",618,62,36,MAJOR_ROAD
trafficData195658.csv,2014-02-13 11:30:00,2014-06-09 05:35:00,Tilst,Anelystvej 0,8381,"56.18271715899992, 10.101720288360639",Tilst,Viborgvej 0,8381,"56.18546282170713, 10.096344851520598",646,117,20,MAJOR_ROAD
trafficData195684.csv,2014-02-13 11:30:00,2014-06-09 05:35:00,Tilst,Viborgvej 0,8381,"56.18546282170713, 10.096344851520598",Tilst,Anelystvej 0,8381,"56.18277313796047, 10.101564720237775",628,52,43,MAJOR_ROAD
trafficData195711.csv,2014-02-13 11:30:00,2014-06-09 05:35:00,Tilst,Anelystvej 0,8381,"56.18271715899992, 10.101720288360639",Tilst,Viborgvej 389,8381,"56.182637286706964, 10.113531440475526",849,65,47,MAJOR_ROAD
trafficData195737.csv,2014-02-13 11:30:00,2014-06-09 05:35:00,Tilst,Viborgvej 389,8381,"56.182637286706964, 10.113531440475526",Tilst,Anelystvej 389,8381,"56.18277313796047, 10.101564720237775",863,141,22,MAJOR_ROAD
trafficData195764.csv,2014-02-13 11:30:00,2014-06-09 05:35:00,Aarhus,Holmstrupgårdvej 150,8210,"56.178402535294865, 10.12084169080731",Tilst,Viborgvej 389,8381,"56.182637286706964, 10.113531440475526",934,132,25,MAJOR_ROAD
trafficData195790.csv,2014-02-13 11:30:00,2014-06-09 05:35:00,Tilst,Viborgvej 389,8381,"56.182637286706964, 10.113531440475526",Aarhus,Holmstrupgårdvej 150,8210,"56.178402535294865, 10.12084169080731",911,66,50,MAJOR_ROAD
trafficData195817.csv,2014-02-13 11:30:00,2014-06-09 05:35:00,Aarhus,Holmstrupgårdvej 150,8210,"56.178402535294865, 10.12084169080731",Aarhus,Viborgvej 295,8210,"56.17941549701764, 10.130153804893553",812,65,45,MAJOR_ROAD
trafficData195843.csv,2014-02-13 11:30:00,2014-06-09 05:35:00,Aarhus,Viborgvej 295,8210,"56.17941549701764, 10.130153804893553",Aarhus,Holmstrupgårdvej 150,8210,"56.178402535294865, 10.12084169080731",835,132,23,MAJOR_ROAD
trafficData195870.csv,2014-02-13 11:30:00,2014-06-09 05:35:00,Tilst,Anelystvej 35,8381,"56.16716656043954, 10.093516609210042",Aarhus,Edwin Rahrs Vej 73-75,8220,"56.16459887184971, 10.109984271163967",1261,133,34,MAJOR_ROAD
trafficData195896.csv,2014-02-13 11:30:00,2014-06-09 05:35:00,Aarhus,Edwin Rahrs Vej 73-75,8220,"56.16459887184971, 10.109984271163967",Tilst,Anelystvej 35,8381,"56.16718933444926, 10.093612498182324",1205,116,37,MAJOR_ROAD
trafficData195923.csv,2014-02-13 11:30:00,2014-06-09 05:35:00,Tilst,Anelystvej 35,8381,"56.16716656043954, 10.093516609210042",Aarhus,Edwin Rahrs Vej 35,8220,"56.15966870893221, 10.07716983068849",1511,111,49,MAJOR_ROAD
trafficData197274.csv,2014-02-13 11:30:00,2014-06-09 05:35:00,Aarhus,Edwin Rahrs Vej 0,8220,"56.15962240514419, 10.077223474868788",Tilst,Anelystvej 35,8381,"56.16718933444926, 10.093612498182324",1572,127,45,MAJOR_ROAD
trafficData197302.csv,2014-02-13 11:30:00,2014-06-09 05:35:00,Aarhus,Hestagervej 7,8220,"56.15469209819657, 10.072890804893518",Aarhus,Edwin Rahrs Vej 7,8220,"56.15962240514419, 10.077223474868788",810,94,31,MAJOR_ROAD
trafficData197328.csv,2014-02-13 11:30:00,2014-06-09 05:35:00,Aarhus,Edwin Rahrs Vej 0,8220,"56.15966870893221, 10.07716983068849",Aarhus,Hestagervej 0,8220,"56.15457258895634, 10.072391914016862",1024,121,30,MAJOR_ROAD
trafficData197355.csv,2014-02-13 11:30:00,2014-06-09 05:35:00,Aarhus,Hestagervej 0,8220,"56.15457258895634, 10.072391914016862",Aarhus,Silkeborgvej 791,8220,"56.152447520476194, 10.064734635581999",934,83,41,MAJOR_ROAD
trafficData197381.csv,2014-02-13 11:30:00,2014-06-09 05:35:00,Aarhus,Silkeborgvej 791,8220,"56.152447520476194, 10.064734635581999",Aarhus,Hestagervej 7,8220,"56.15469209819657, 10.072890804893518",993,92,39,MAJOR_ROAD
trafficData197408.csv,2014-02-13 11:30:00,2014-06-09 05:35:00,Aarhus,Hestagervej 0,8220,"56.15457258895634, 10.072391914016862",Aarhus,Silkeborgvej 699,8220,"56.15286327729632, 10.087895233135214",1117,91,44,MAJOR_ROAD
trafficData197434.csv,2014-02-13 11:30:00,2014-06-09 05:35:00,Aarhus,Silkeborgvej 702,8220,"56.1529230346212, 10.087875116567602",Aarhus,Hestagervej 7,8220,"56.15469209819657, 10.072890804893518",1082,84,46,MAJOR_ROAD
trafficData197463.csv,2014-02-13 11:30:00,2014-06-09 05:35:00,Stavtrup,Genvejen 46,8260,"56.121379546124246, 10.066129804893535",Hasselager,Genvejen 46,8361,"56.11996007421442, 10.083678288360602",1110,52,77,MAJOR_ROAD
trafficData197489.csv,2014-02-13 11:30:00,2014-06-09 05:35:00,Hasselager,Genvejen 0,8361,"56.11996007421442, 10.083678288360602",Stavtrup,Genvejen 0,8260,"56.121379546124246, 10.066129804893535",1110,51,78,MAJOR_ROAD
trafficData197518.csv,2014-02-13 11:30:00,2014-06-09 05:35:00,Hasselager,Hovedvejen 0,8361,"56.100713387988804, 10.062790576721227",Hasselager,Møllebakken 60,8361,"56.10806431410453, 10.114700495700845",3331,224,54,MAJOR_ROAD
trafficData197544.csv,2014-02-13 11:30:00,2014-06-09 05:35:00,Hasselager,Møllebakken 60,8361,"56.10806431410453, 10.114700495700845",Hasselager,Hovedvejen 240,8361,"56.10078220214434, 10.062659148479497",3334,221,54,MAJOR_ROAD
trafficData197572.csv,2014-02-13 11:30:00,2014-06-09 05:35:00,Hasselager,Møllebakken 60,8361,"56.10806431410453, 10.114700495700845",Hasselager,Møllebakken 15,8361,"56.110590119560015, 10.122408752149568",560,43,47,MAJOR_ROAD
trafficData197598.csv,2014-02-13 11:30:00,2014-06-09 05:35:00,Hasselager,Møllebakken 15,8361,"56.11067162844458, 10.12228671163939",Hasselager,Møllebakken 60,8361,"56.10806431410453, 10.114700495700845",555,48,42,MAJOR_ROAD
trafficData197626.csv,2014-02-13 11:30:00,2014-06-09 05:35:00,Hasselager,Møllebakken 15,8361,"56.110590119560015, 10.122408752149568",Aarhus,Skanderborgvej 0,8260,"56.11906158966682, 10.143036390212956",1588,107,53,MAJOR_ROAD
trafficData197652.csv,2014-02-13 11:30:00,2014-06-09 05:35:00,Aarhus,Skanderborgvej 0,8260,"56.11919616177176, 10.142859364417973",Hasselager,Møllebakken 15,8361,"56.11067162844458, 10.12228671163939",1589,107,53,MAJOR_ROAD
trafficData197679.csv,2014-02-13 11:30:00,2014-06-09 05:35:00,Aarhus,Skanderborgvej 230,8260,"56.11906158966682, 10.143036390212956",Aarhus,Skanderborgvej 223,8260,"56.125743621869944, 10.15788067857352",1183,88,48,MAJOR_ROAD
trafficData197705.csv,2014-02-13 11:30:00,2014-06-09 05:35:00,Aarhus,Skanderborgvej 222,8260,"56.125829583613914, 10.157709017196566",Aarhus,Skanderborgvej 222,8260,"56.11919616177176, 10.142859364417973",1181,88,48,MAJOR_ROAD
trafficData197734.csv,2014-02-13 11:30:00,2014-06-09 05:35:00,Aarhus,Ravnsbjergvej 0,8260,"56.124304277059785, 10.141663381614649",Aarhus,Ringvej Syd 0,8260,"56.11814500000001, 10.148131067458962",813,91,32,MAJOR_ROAD
trafficData197760.csv,2014-02-13 11:30:00,2014-06-09 05:35:00,Aarhus,Ringvej Syd 100,8260,"56.118198830180894, 10.148353690807198",Aarhus,Ravnsbjergvej 100,8260,"56.124304277059785, 10.141663381614649",812,85,34,MAJOR_ROAD
trafficData197788.csv,2014-02-13 11:30:00,2014-06-09 05:35:00,Aarhus,Ringvej Syd 0,8260,"56.11814500000001, 10.148131067458962",Højbjerg,Ringvej Syd 0,8270,"56.10986429894997, 10.162728804893504",1318,102,47,MAJOR_ROAD
trafficData197814.csv,2014-02-13 11:30:00,2014-06-09 05:35:00,Højbjerg,Ringvej Syd 0,8270,"56.10986429894997, 10.162728804893504",Aarhus,Ringvej Syd 100,8260,"56.118198830180894, 10.148353690807198",1310,97,49,MAJOR_ROAD
trafficData197842.csv,2014-02-13 11:30:00,2014-06-09 05:35:00,Højbjerg,Ringvej Syd 0,8270,"56.10986429894997, 10.162728804893504",Højbjerg,Ringvej Syd 0,8270,"56.108951357622736, 10.182395559524593",1254,71,64,MAJOR_ROAD
trafficData197868.csv,2014-02-13 11:30:00,2014-06-09 05:35:00,Højbjerg,Ringvej Syd 0,8270,"56.108951357622736, 10.182395559524593",Højbjerg,Ringvej Syd 0,8270,"56.10986429894997, 10.162728804893504",1254,71,64,MAJOR_ROAD
trafficData197896.csv,2014-02-13 11:30:00,2014-06-09 05:35:00,Højbjerg,Ringvej Syd 0,8270,"56.108951357622736, 10.182395559524593",Højbjerg,Ringvej Syd 0,8270,"56.10480213435411, 10.198804084655762",1124,65,62,MAJOR_ROAD
trafficData197922.csv,2014-02-13 11:30:00,2014-06-09 05:35:00,Højbjerg,Ringvej Syd 0,8270,"56.10480213435411, 10.198804084655762",Højbjerg,Ringvej Syd 0,8270,"56.108951357622736, 10.182395559524593",1124,64,63,MAJOR_ROAD
trafficData197951.csv,2014-02-13 11:30:00,2014-06-09 05:35:00,Tranbjerg,Landevejen 0,8310,"56.0855852379219, 10.124126151537894",Tranbjerg,Landevejen 0,8310,"56.10097260933967, 10.140579996364522",2050,130,57,MAJOR_ROAD
trafficData197977.csv,2014-02-13 11:30:00,2014-06-09 05:35:00,Tranbjerg,Landevejen 0,8310,"56.10097260933967, 10.140579996364522",Tranbjerg,Landevejen 0,8310,"56.085683261757154, 10.12394711408615",2052,119,62,MAJOR_ROAD
trafficData198005.csv,2014-02-13 11:30:00,2014-06-09 05:35:00,Tranbjerg,Landevejen 0,8310,"56.10097260933967, 10.140579996364522",Højbjerg,Christian X's Vej 205,8270,"56.1102508220387, 10.153714822090137",1318,93,51,MAJOR_ROAD
trafficData198031.csv,2014-02-13 11:30:00,2014-06-09 05:35:00,Højbjerg,Christian X's Vej 0,8270,"56.110288211786354, 10.153642402446735",Tranbjerg,Landevejen 0,8310,"56.10097260933967, 10.140579996364522",1318,95,50,MAJOR_ROAD
trafficData198059.csv,2014-02-13 11:30:00,2014-06-09 05:35:00,Højbjerg,Christian X's Vej 205,8270,"56.1102508220387, 10.153714822090137",Højbjerg,Christian X's Vej 169,8270,"56.12004117576438, 10.167441665012348",1383,117,43,MAJOR_ROAD
trafficData198085.csv,2014-02-13 11:30:00,2014-06-09 05:35:00,Højbjerg,Christian X's Vej 169,8270,"56.12004117576438, 10.167441665012348",Højbjerg,Christian X's Vej 169,8270,"56.110288211786354, 10.153642402446735",1383,124,40,MAJOR_ROAD
trafficData198113.csv,2014-02-13 11:30:00,2014-06-09 05:35:00,Højbjerg,Christian X's Vej 169,8270,"56.12004117576438, 10.167441665012348",Aarhus,Christian X's Vej 35,8260,"56.13241046310714, 10.174677478504236",1489,148,36,MAJOR_ROAD
trafficData198139.csv,2014-02-13 11:30:00,2014-06-09 05:35:00,Aarhus,Christian X's Vej 35,8260,"56.13241046310714, 10.174677478504236",Højbjerg,Christian X's Vej 169,8270,"56.12004117576438, 10.167441665012348",1474,176,30,MAJOR_ROAD
trafficData198167.csv,2014-02-13 11:30:00,2014-06-09 05:35:00,Højbjerg,Christian X's Vej 169,8270,"56.12004117576438, 10.167441665012348",Aarhus,Jyllands Alle 158,8260,"56.12437832738177, 10.180056017196648",942,94,36,MAJOR_ROAD
trafficData198193.csv,2014-02-13 11:30:00,2014-06-09 05:35:00,Aarhus,Jyllands Alle 158,8260,"56.12437832738177, 10.180056017196648",Højbjerg,Christian X's Vej 169,8270,"56.12004117576438, 10.167441665012348",965,100,35,MAJOR_ROAD
trafficData198221.csv,2014-02-13 11:30:00,2014-06-09 05:35:00,Aarhus,Jyllands Alle 158,8260,"56.12437832738177, 10.180056017196648",Højbjerg,Jyllands Alle 105,8270,"56.12994000000001, 10.187329678573633",825,84,35,MAJOR_ROAD
trafficData198247.csv,2014-02-13 11:30:00,2014-06-09 05:35:00,Højbjerg,Jyllands Alle 105,8270,"56.12994000000001, 10.187329678573633",Aarhus,Jyllands Alle 158,8260,"56.12437832738177, 10.180056017196648",809,84,35,MAJOR_ROAD
trafficData198275.csv,2014-02-13 11:30:00,2014-06-09 05:35:00,Højbjerg,Jyllands Alle 105,8270,"56.12994000000001, 10.187329678573633",Aarhus,Jyllands Alle 105,8000,"56.13458495857738, 10.189980711639464",560,44,46,MAJOR_ROAD
trafficData198301.csv,2014-02-13 11:30:00,2014-06-09 05:35:00,Aarhus,Jyllands Alle 105,8000,"56.13458495857738, 10.189857330024779",Højbjerg,Jyllands Alle 105,8270,"56.12994000000001, 10.187329678573633",554,48,42,MAJOR_ROAD
trafficData198330.csv,2014-02-13 11:30:00,2014-06-09 05:35:00,Aarhus,Rosenvangs Alle 30,8260,"56.13417989322382, 10.17948788343233",Højbjerg,Vestavej 2,8270,"56.12391430736949, 10.185914784061424",1247,151,30,MAJOR_ROAD
trafficData201183.csv,2014-02-13 11:30:00,2014-06-09 05:35:00,Højbjerg,Vestavej 2,8270,"56.12391430736949, 10.185914784061424",Aarhus,Rosenvangs Alle 30,8260,"56.13417989322382, 10.17948788343233",1246,147,31,MAJOR_ROAD
trafficData201211.csv,2014-02-13 11:30:00,2014-06-09 05:35:00,Højbjerg,Vestavej 2,8270,"56.12391430736949, 10.185914784061424",Højbjerg,Rosenvangs Alle 233,8270,"56.11692219631463, 10.202164315973278",1333,131,37,MAJOR_ROAD
trafficData201237.csv,2014-02-13 11:30:00,2014-06-09 05:35:00,Højbjerg,Rosenvangs Alle 233,8270,"56.11692219631463, 10.202164315973278",Højbjerg,Vestavej 2,8270,"56.12391430736949, 10.185914784061424",1333,124,39,MAJOR_ROAD
trafficData201265.csv,2014-02-13 11:30:00,2014-06-09 05:35:00,Aarhus,Strandvejen 36,8000,"56.14472622987757, 10.208600965029746",Aarhus,Strandvejen 21,8000,"56.136738858609256, 10.20776318039134",907,78,42,MAJOR_ROAD
trafficData201291.csv,2014-02-13 11:30:00,2014-06-09 05:35:00,Aarhus,Strandvejen 21,8000,"56.136738858609256, 10.20776318039134",Aarhus,Strandvejen 36,8000,"56.144719132186395, 10.20872971106246",906,82,40,MAJOR_ROAD
trafficData201319.csv,2014-02-13 11:30:00,2014-06-09 05:35:00,Aarhus,Strandvejen 21,8000,"56.136738858609256, 10.20776318039134",Aarhus,Strandvejen 122,8000,"56.13236396838821, 10.211722754631069",547,47,42,MAJOR_ROAD
trafficData201345.csv,2014-02-13 11:30:00,2014-06-09 05:35:00,Aarhus,Strandvejen 122,8000,"56.13236396838821, 10.211722754631069",Aarhus,Strandvejen 21,8000,"56.136738858609256, 10.20776318039134",547,56,35,MAJOR_ROAD
trafficData201373.csv,2014-02-13 11:30:00,2014-06-09 05:35:00,Aarhus,Strandvejen 122,8000,"56.13236396838821, 10.211722754631069",Højbjerg,Oddervej 51,8270,"56.117828971777826, 10.207113017196662",1701,143,43,MAJOR_ROAD
trafficData201399.csv,2014-02-13 11:30:00,2014-06-09 05:35:00,Højbjerg,Oddervej 51,8270,"56.117828971777826, 10.207113017196662",Aarhus,Strandvejen 122,8000,"56.13236396838821, 10.211722754631069",1707,138,45,MAJOR_ROAD
trafficData201427.csv,2014-02-13 11:30:00,2014-06-09 05:35:00,Højbjerg,Oddervej 51,8270,"56.117828971777826, 10.207113017196662",Højbjerg,Oddervej 70-74,8270,"56.114487000000004, 10.207854230653766",381,40,34,MAJOR_ROAD
trafficData201453.csv,2014-02-13 11:30:00,2014-06-09 05:35:00,Højbjerg,Oddervej 70-74,8270,"56.114487000000004, 10.207854230653766",Højbjerg,Oddervej 51,8270,"56.117828971777826, 10.207113017196662",381,37,37,MAJOR_ROAD
trafficData201481.csv,2014-02-13 11:30:00,2014-06-09 05:35:00,Højbjerg,Oddervej 70-74,8270,"56.114487000000004, 10.207854230653766",Højbjerg,Oddervej 172,8270,"56.105069529457616, 10.206927436840033",1074,97,40,MAJOR_ROAD
trafficData201507.csv,2014-02-13 11:30:00,2014-06-09 05:35:00,Højbjerg,Oddervej 172,8270,"56.105069529457616, 10.206927436840033",Højbjerg,Oddervej 70-74,8270,"56.114487000000004, 10.207854230653766",1074,86,45,MAJOR_ROAD
trafficData201535.csv,2014-02-13 11:30:00,2014-06-09 05:35:00,Højbjerg,Oddervej 172,8270,"56.105069529457616, 10.206927436840033",Højbjerg,Oddervej 206,8270,"56.09926842434083, 10.209020390213027",665,66,36,MAJOR_ROAD
trafficData201561.csv,2014-02-13 11:30:00,2014-06-09 05:35:00,Højbjerg,Oddervej 206,8270,"56.09926842434083, 10.209020390213027",Højbjerg,Oddervej 172,8270,"56.105069529457616, 10.206927436840033",664,55,43,MAJOR_ROAD
trafficData201589.csv,2014-02-13 11:30:00,2014-06-09 05:35:00,Højbjerg,Oddervej 206,8270,"56.09926842434083, 10.209020390213027",Odder,Århusvej 86,8300,"55.988031499663315, 10.154807944774575",13068,697,67,MAJOR_ROAD
trafficData201615.csv,2014-02-13 11:30:00,2014-06-09 05:35:00,Odder,Århusvej 86,8300,"55.988031499663315, 10.154807944774575",Højbjerg,Oddervej 206,8270,"56.09926842434083, 10.209020390213027",13066,716,66,MAJOR_ROAD
trafficData201643.csv,2014-02-13 11:30:00,2014-06-09 05:35:00,Hasselager,Genvejen 0,8361,"56.11996007421442, 10.083678288360602",Hasselager,Møllebakken 60,8361,"56.10806431410453, 10.114700495700845",2915,159,66,MAJOR_ROAD
trafficData201669.csv,2014-02-13 11:30:00,2014-06-09 05:35:00,Hasselager,Møllebakken 60,8361,"56.10806431410453, 10.114700495700845",Hasselager,Genvejen 60,8361,"56.11996007421442, 10.083678288360602",2953,167,64,MAJOR_ROAD
trafficData201696.csv,2014-02-13 11:30:00,2014-06-09 05:35:00,Hasselager,Genvejen 0,8361,"56.11996007421442, 10.083678288360602",Hasselager,Møllebakken 15,8361,"56.110590119560015, 10.122408752149568",2949,165,64,MAJOR_ROAD
trafficData201722.csv,2014-02-13 11:30:00,2014-06-09 05:35:00,Hasselager,Møllebakken 15,8361,"56.11067162844458, 10.12228671163939",Hasselager,Genvejen 15,8361,"56.11996007421442, 10.083678288360602",2911,155,68,MAJOR_ROAD
trafficData201749.csv,2014-02-13 11:30:00,2014-06-09 05:35:00,Aarhus,Ravnsbjergvej 0,8260,"56.124304277059785, 10.141663381614649",Aarhus,Skanderborgvej 0,8260,"56.11919616177176, 10.142859364417973",777,82,34,MAJOR_ROAD
trafficData201775.csv,2014-02-13 11:30:00,2014-06-09 05:35:00,Aarhus,Skanderborgvej 0,8260,"56.11906158966682, 10.143036390212956",Aarhus,Ravnsbjergvej 0,8260,"56.124304277059785, 10.141663381614649",806,84,35,MAJOR_ROAD
trafficData201802.csv,2014-02-13 11:30:00,2014-06-09 05:35:00,Aarhus,Ravnsbjergvej 0,8260,"56.124304277059785, 10.141663381614649",Aarhus,Skanderborgvej 223,8260,"56.125743621869944, 10.15788067857352",1457,122,43,MAJOR_ROAD
trafficData201828.csv,2014-02-13 11:30:00,2014-06-09 05:35:00,Aarhus,Skanderborgvej 222,8260,"56.125829583613914, 10.157709017196566",Aarhus,Ravnsbjergvej 222,8260,"56.124304277059785, 10.141663381614649",1408,110,46,MAJOR_ROAD
trafficData201855.csv,2014-02-13 11:30:00,2014-06-09 05:35:00,Aarhus,Skanderborgvej 0,8260,"56.11906158966682, 10.143036390212956",Aarhus,Ringvej Syd 0,8260,"56.11814500000001, 10.148131067458962",539,52,37,MAJOR_ROAD
trafficData201881.csv,2014-02-13 11:30:00,2014-06-09 05:35:00,Aarhus,Ringvej Syd 100,8260,"56.118198830180894, 10.148353690807198",Aarhus,Skanderborgvej 0,8260,"56.11919616177176, 10.142859364417973",585,69,31,MAJOR_ROAD
trafficData201908.csv,2014-02-13 11:30:00,2014-06-09 05:35:00,Aarhus,Ringvej Syd 100,8260,"56.118198830180894, 10.148353690807198",Aarhus,Skanderborgvej 223,8260,"56.125743621869944, 10.15788067857352",1190,94,46,MAJOR_ROAD
trafficData201934.csv,2014-02-13 11:30:00,2014-06-09 05:35:00,Aarhus,Skanderborgvej 222,8260,"56.125829583613914, 10.157709017196566",Aarhus,Ringvej Syd 222,8260,"56.11814500000001, 10.148131067458962",1216,106,41,MAJOR_ROAD
trafficData201961.csv,2014-02-13 11:30:00,2014-06-09 05:35:00,Aarhus,Ringvej Syd 0,8260,"56.11814500000001, 10.148131067458962",Højbjerg,Christian X's Vej 0,8270,"56.110288211786354, 10.153642402446735",1139,97,42,MAJOR_ROAD
trafficData203530.csv,2014-02-13 11:30:00,2014-06-09 05:35:00,Højbjerg,Christian X's Vej 205,8270,"56.1102508220387, 10.153714822090137",Aarhus,Ringvej Syd 100,8260,"56.118198830180894, 10.148353690807198",1161,104,40,MAJOR_ROAD
trafficData203557.csv,2014-02-13 11:30:00,2014-06-09 05:35:00,Aarhus,Ringvej Syd 0,8260,"56.11814500000001, 10.148131067458962",Højbjerg,Christian X's Vej 169,8270,"56.12004117576438, 10.167441665012348",1943,163,43,MAJOR_ROAD
trafficData203583.csv,2014-02-13 11:30:00,2014-06-09 05:35:00,Højbjerg,Christian X's Vej 169,8270,"56.12004117576438, 10.167441665012348",Aarhus,Ringvej Syd 100,8260,"56.118198830180894, 10.148353690807198",1907,163,42,MAJOR_ROAD
trafficData203610.csv,2014-02-13 11:30:00,2014-06-09 05:35:00,Højbjerg,Christian X's Vej 205,8270,"56.1102508220387, 10.153714822090137",Højbjerg,Ringvej Syd 205,8270,"56.10986429894997, 10.162728804893504",758,63,43,MAJOR_ROAD
trafficData203636.csv,2014-02-13 11:30:00,2014-06-09 05:35:00,Højbjerg,Ringvej Syd 0,8270,"56.10986429894997, 10.162728804893504",Højbjerg,Christian X's Vej 0,8270,"56.110288211786354, 10.153642402446735",785,64,44,MAJOR_ROAD
trafficData203663.csv,2014-02-13 11:30:00,2014-06-09 05:35:00,Højbjerg,Ringvej Syd 0,8270,"56.10986429894997, 10.162728804893504",Højbjerg,Christian X's Vej 169,8270,"56.12004117576438, 10.167441665012348",1534,123,45,MAJOR_ROAD
trafficData203689.csv,2014-02-13 11:30:00,2014-06-09 05:35:00,Højbjerg,Christian X's Vej 169,8270,"56.12004117576438, 10.167441665012348",Højbjerg,Ringvej Syd 169,8270,"56.10986429894997, 10.162728804893504",1562,142,40,MAJOR_ROAD
trafficData203716.csv,2014-02-13 11:30:00,2014-06-09 05:35:00,Aarhus,Rosenvangs Alle 30,8260,"56.13417989322382, 10.17948788343233",Aarhus,Skanderborgvej 168,8260,"56.131053962866226, 10.166163050262412",1326,165,29,MAJOR_ROAD
trafficData203742.csv,2014-02-13 11:30:00,2014-06-09 05:35:00,Aarhus,Skanderborgvej 169,8260,"56.13096577062022, 10.166318618385276",Aarhus,Rosenvangs Alle 30,8260,"56.13417989322382, 10.17948788343233",1309,112,42,MAJOR_ROAD
trafficData203769.csv,2014-02-13 11:30:00,2014-06-09 05:35:00,Aarhus,Rosenvangs Alle 30,8260,"56.13417989322382, 10.17948788343233",Aarhus,Skanderborgvej 107,8260,"56.138322977998705, 10.179336344162948",574,56,37,MAJOR_ROAD
trafficData203795.csv,2014-02-13 11:30:00,2014-06-09 05:35:00,Aarhus,Skanderborgvej 106,8260,"56.13844851575673, 10.179150601188667",Aarhus,Rosenvangs Alle 30,8260,"56.13417989322382, 10.17948788343233",596,74,29,MAJOR_ROAD
trafficData203822.csv,2014-02-13 11:30:00,2014-06-09 05:35:00,Aarhus,Rosenvangs Alle 30,8260,"56.13417989322382, 10.17948788343233",Aarhus,Jyllands Alle 158,8260,"56.12437832738177, 10.180056017196648",1258,149,30,MAJOR_ROAD
trafficData203848.csv,2014-02-13 11:30:00,2014-06-09 05:35:00,Aarhus,Jyllands Alle 158,8260,"56.12437832738177, 10.180056017196648",Aarhus,Rosenvangs Alle 30,8260,"56.13417989322382, 10.17948788343233",1330,140,34,MAJOR_ROAD
trafficData203875.csv,2014-02-13 11:30:00,2014-06-09 05:35:00,Aarhus,Rosenvangs Alle 30,8260,"56.13417989322382, 10.17948788343233",Højbjerg,Jyllands Alle 105,8270,"56.12994000000001, 10.187329678573633",1431,165,31,MAJOR_ROAD
trafficData203901.csv,2014-02-13 11:30:00,2014-06-09 05:35:00,Højbjerg,Jyllands Alle 105,8270,"56.12994000000001, 10.187329678573633",Aarhus,Rosenvangs Alle 30,8260,"56.13417989322382, 10.17948788343233",1277,130,35,MAJOR_ROAD
trafficData203928.csv,2014-02-13 11:30:00,2014-06-09 05:35:00,Aarhus,Jyllands Alle 158,8260,"56.12437832738177, 10.180056017196648",Højbjerg,Vestavej 2,8270,"56.12391430736949, 10.185914784061424",641,70,33,MAJOR_ROAD
trafficData203954.csv,2014-02-13 11:30:00,2014-06-09 05:35:00,Højbjerg,Vestavej 2,8270,"56.12391430736949, 10.185914784061424",Aarhus,Jyllands Alle 158,8260,"56.12437832738177, 10.180056017196648",777,102,27,MAJOR_ROAD
trafficData203981.csv,2014-02-13 11:30:00,2014-06-09 05:35:00,Højbjerg,Vestavej 2,8270,"56.12391430736949, 10.185914784061424",Tilst,Viborgvej 143,8381,"56.12994, 10.18704",732,90,29,MAJOR_ROAD
trafficData204007.csv,2014-02-13 11:30:00,2014-06-09 05:35:00,Højbjerg,Jyllands Alle 105,8270,"56.12994000000001, 10.187329678573633",Højbjerg,Vestavej 2,8270,"56.12391430736949, 10.185914784061424",798,86,33,MAJOR_ROAD
trafficData204034.csv,2014-02-13 11:30:00,2014-06-09 05:35:00,Aarhus,Strandvejen 21,8000,"56.136738858609256, 10.20776318039134",Aarhus,Marselis Boulevard 21,8000,"56.141823496238665, 10.204370307865133",1154,129,32,MAJOR_ROAD
trafficData204060.csv,2014-02-13 11:30:00,2014-06-09 05:35:00,Aarhus,Marselis Boulevard 0,8000,"56.14171141881423, 10.204415905418273",Aarhus,Strandvejen 21,8000,"56.136738858609256, 10.20776318039134",919,91,36,MAJOR_ROAD
trafficData204087.csv,2014-02-13 11:30:00,2014-06-09 05:35:00,Aarhus,Strandvejen 21,8000,"56.136738858609256, 10.20776318039134",Aarhus,Marselis Boulevard 50,8000,"56.1407940671622, 10.198852845403735",962,115,30,MAJOR_ROAD
trafficData204113.csv,2014-02-13 11:30:00,2014-06-09 05:35:00,Aarhus,Marselis Boulevard 15,8000,"56.14063267124548, 10.1989185595246",Aarhus,Strandvejen 21,8000,"56.136738858609256, 10.20776318039134",944,127,27,MAJOR_ROAD
trafficData204140.csv,2014-02-13 11:30:00,2014-06-09 05:35:00,Højbjerg,Ringvej Syd 172,8270,"56.10480213435411, 10.198804084655762",Højbjerg,Oddervej 172,8270,"56.105069529457616, 10.206927436840033",909,88,37,MAJOR_ROAD
trafficData204166.csv,2014-02-13 11:30:00,2014-06-09 05:35:00,Højbjerg,Oddervej 172,8270,"56.105069529457616, 10.206927436840033",Højbjerg,Ringvej Syd 172,8270,"56.10480213435411, 10.198804084655762",886,72,44,MAJOR_ROAD
trafficData204193.csv,2014-02-13 11:30:00,2014-06-09 05:35:00,Højbjerg,Ringvej Syd 0,8270,"56.10480213435411, 10.198804084655762",Højbjerg,Oddervej 206,8270,"56.09926842434083, 10.209020390213027",979,84,42,MAJOR_ROAD
trafficData204219.csv,2014-02-13 11:30:00,2014-06-09 05:35:00,Højbjerg,Oddervej 206,8270,"56.09926842434083, 10.209020390213027",Højbjerg,Ringvej Syd 206,8270,"56.10480213435411, 10.198804084655762",996,80,45,MAJOR_ROAD
trafficData204247.csv,2014-02-13 11:30:00,2014-06-09 05:35:00,Aarhus,Hasle Ringvej 0,8200,"56.178623267668705, 10.18461071717934",Aarhus,Halmstadgade 3,8200,"56.18210217593679, 10.189355309192706",613,81,27,MAJOR_ROAD
trafficData204273.csv,2014-02-13 11:30:00,2014-06-09 05:35:00,Aarhus,Halmstadgade 3,8200,"56.18210217593679, 10.189355309192706",Aarhus,Hasle Ringvej 3,8200,"56.17871060412596, 10.184485323907893",590,58,37,MAJOR_ROAD
trafficData204300.csv,2014-02-13 11:30:00,2014-06-09 05:35:00,Aarhus,Hasle Ringvej 0,8200,"56.181459995226994, 10.192792014715224",Aarhus,Halmstadgade 3,8200,"56.18210217593679, 10.189355309192706",545,57,34,MAJOR_ROAD
trafficData205997.csv,2014-02-13 11:30:00,2014-06-09 05:35:00,Aarhus,Halmstadgade 3,8200,"56.18210217593679, 10.189355309192706",Aarhus,Hasle Ringvej 138,8200,"56.181353258286634, 10.192906008598356",568,61,34,MAJOR_ROAD
trafficData206025.csv,2014-02-13 11:30:00,2014-06-09 05:35:00,Aarhus,Søndre Ringgade 63,8000,"56.14563850929, 10.186762304229774",Aarhus,Søndre Ringgade 15,8000,"56.1417522836526, 10.192723647815683",569,68,30,MAJOR_ROAD
trafficData206051.csv,2014-02-13 11:30:00,2014-06-09 05:35:00,Aarhus,null 0,8000,"56.141835968071454, 10.192906038028696",Aarhus,Søndre Ringgade 52,8000,"56.1457221852484, 10.186944694442786",569,75,27,MAJOR_ROAD
trafficData206078.csv,2014-02-13 11:30:00,2014-06-09 05:35:00,Aarhus,Skanderborgvej 7,8000,"56.14251885276732, 10.186880262565637",Aarhus,Søndre Ringgade 15,8000,"56.1417522836526, 10.192723647815683",521,62,30,MAJOR_ROAD
trafficData206104.csv,2014-02-13 11:30:00,2014-06-09 05:35:00,Aarhus,null 0,8000,"56.141835968071454, 10.192906038028696",Aarhus,Skanderborgvej 26,8000,"56.14258759218248, 10.186756880950952",559,82,25,MAJOR_ROAD
trafficData206131.csv,2014-02-13 11:30:00,2014-06-09 05:35:00,Aarhus,Søndre Ringgade 15,8000,"56.1417522836526, 10.192723647815683",Aarhus,Marselis Boulevard 15,8000,"56.14063267124548, 10.1989185595246",505,62,29,MAJOR_ROAD
trafficData206157.csv,2014-02-13 11:30:00,2014-06-09 05:35:00,Aarhus,Marselis Boulevard 50,8000,"56.1407940671622, 10.198852845403735",Aarhus,Marselis Boulevard 50,8000,"56.141835968071454, 10.192906038028696",488,49,36,MAJOR_ROAD
trafficData206184.csv,2014-02-13 11:30:00,2014-06-09 05:35:00,Aarhus,Søndre Ringgade 15,8000,"56.1417522836526, 10.192723647815683",Aarhus,Marselis Boulevard 135,8000,"56.13959744418457, 10.186632644180236",740,72,37,MAJOR_ROAD
trafficData206210.csv,2014-02-13 11:30:00,2014-06-09 05:35:00,Aarhus,Marselis Boulevard 135,8000,"56.139477887997344, 10.186664830688414",Aarhus,Marselis Boulevard 135,8000,"56.141835968071454, 10.192906038028696",753,78,35,MAJOR_ROAD
trafficData206237.csv,2014-02-13 11:30:00,2014-06-09 05:35:00,Højbjerg,Oddervej 51,8270,"56.117828971777826, 10.207113017196662",Højbjerg,Rosenvangs Alle 233,8270,"56.11692219631463, 10.202164315973278",466,51,33,MAJOR_ROAD
trafficData206263.csv,2014-02-13 11:30:00,2014-06-09 05:35:00,Højbjerg,Rosenvangs Alle 233,8270,"56.11692219631463, 10.202164315973278",Højbjerg,Oddervej 51,8270,"56.117828971777826, 10.207113017196662",466,54,31,MAJOR_ROAD
trafficData206290.csv,2014-02-13 11:30:00,2014-06-09 05:35:00,Højbjerg,Rosenvangs Alle 233,8270,"56.11692219631463, 10.202164315973278",Højbjerg,Oddervej 70-74,8270,"56.114487000000004, 10.207854230653766",542,60,33,MAJOR_ROAD
trafficData206316.csv,2014-02-13 11:30:00,2014-06-09 05:35:00,Højbjerg,Oddervej 70-74,8270,"56.114487000000004, 10.207854230653766",Højbjerg,Rosenvangs Alle 233,8270,"56.11692219631463, 10.202164315973278",542,61,32,MAJOR_ROAD
trafficData206343.csv,2014-02-13 11:30:00,2014-06-09 05:35:00,Aarhus,Edwin Rahrs Vej 73-75,8220,"56.16459887184971, 10.109984271163967",Aarhus,Holmstrupgårdvej 28,8220,"56.169454614092764, 10.11966875826647",1416,152,34,MAJOR_ROAD
trafficData206369.csv,2014-02-13 11:30:00,2014-06-09 05:35:00,Aarhus,Holmstrupgårdvej 28,8220,"56.169454614092764, 10.11966875826647",Aarhus,Edwin Rahrs Vej 73-75,8220,"56.16459887184971, 10.109984271163967",1405,118,43,MAJOR_ROAD
trafficData206396.csv,2014-02-13 11:30:00,2014-06-09 05:35:00,Aarhus,Holmstrupgårdvej 28,8220,"56.169454614092764, 10.11966875826647",Aarhus,Edwin Rahrs Vej 42,8220,"56.16254304778694, 10.125912580356612",1016,100,37,MAJOR_ROAD
trafficData206422.csv,2014-02-13 11:30:00,2014-06-09 05:35:00,Aarhus,Edwin Rahrs Vej 42,8220,"56.16254304778694, 10.125912580356612",Aarhus,Holmstrupgårdvej 28,8220,"56.169454614092764, 10.11966875826647",1006,88,41,MAJOR_ROAD
trafficData206449.csv,2014-02-13 11:30:00,2014-06-09 05:35:00,Aarhus,Strandvejen 36,8000,"56.14472622987757, 10.208600965029746",Aarhus,Marselis Boulevard 24B,8000,"56.14184292295903, 10.204335439147826",441,46,35,MAJOR_ROAD
trafficData206475.csv,2014-02-13 11:30:00,2014-06-09 05:35:00,Aarhus,Marselis Boulevard 0,8000,"56.14171141881423, 10.204415905418273",Aarhus,Strandvejen 36,8000,"56.144719132186395, 10.20872971106246",476,48,36,MAJOR_ROAD
trafficData206502.csv,2014-02-13 11:30:00,2014-06-09 05:35:00,Aarhus,Søndre Ringgade 63,8000,"56.14563850929, 10.186762304229774",Aarhus,Jyllands Alle 63,8000,"56.13458495857738, 10.189857330024779",1335,147,33,MAJOR_ROAD
trafficData209721.csv,2014-02-13 11:30:00,2014-06-09 05:35:00,Aarhus,Jyllands Alle 0,8000,"56.13458495857738, 10.189980711639464",Aarhus,Søndre Ringgade 52,8000,"56.1457221852484, 10.186944694442786",1357,163,30,MAJOR_ROAD
trafficData209748.csv,2014-02-13 11:30:00,2014-06-09 05:35:00,Aarhus,Jyllands Alle 0,8000,"56.13458495857738, 10.189980711639464",Aarhus,Søndre Ringgade 15,8000,"56.1417522836526, 10.192723647815683",1076,119,33,MAJOR_ROAD
trafficData209774.csv,2014-02-13 11:30:00,2014-06-09 05:35:00,Aarhus,null 0,8000,"56.141835968071454, 10.192906038028696",Aarhus,Jyllands Alle 0,8000,"56.13458495857738, 10.189857330024779",1105,127,31,MAJOR_ROAD
trafficData209801.csv,2014-02-13 11:30:00,2014-06-09 05:35:00,Aarhus,Christian X's Vej 35,8260,"56.13241046310714, 10.174677478504236",Aarhus,Skanderborgvej 107,8260,"56.138322977998705, 10.179336344162948",773,71,39,MAJOR_ROAD
trafficData209827.csv,2014-02-13 11:30:00,2014-06-09 05:35:00,Aarhus,Skanderborgvej 106,8260,"56.13844851575673, 10.179150601188667",Aarhus,Christian X's Vej 35,8260,"56.13241046310714, 10.174677478504236",829,72,41,MAJOR_ROAD
trafficData209854.csv,2014-02-13 11:30:00,2014-06-09 05:35:00,Lystrup,Lystrupvej 201,8520,"56.21728389714838, 10.233619432540877",Lystrup,Djurslandmotorvejen 201,8520,"56.22521120818609, 10.246299305557386",1358,94,52,MAJOR_ROAD
trafficData209880.csv,2014-02-13 11:30:00,2014-06-09 05:35:00,Lystrup,Djurslandmotorvejen 0,8520,"56.22537224883195, 10.246154466270468",Lystrup,Lystrupvej 201,8520,"56.21728389714838, 10.233619432540877",1595,118,49,MAJOR_ROAD
trafficData209907.csv,2014-02-13 11:30:00,2014-06-09 05:35:00,Ega,Mejlbyvej 58,8250,"56.22020076302727, 10.267762215938546",Lystrup,Djurslandmotorvejen 58,8520,"56.22537224883195, 10.246154466270468",3082,185,60,MAJOR_ROAD
trafficData209933.csv,2014-02-13 11:30:00,2014-06-09 05:35:00,Lystrup,Djurslandmotorvejen 58,8520,"56.22521120818609, 10.246299305557386",Ega,Mejlbyvej 58,8250,"56.22020076302727, 10.267762215938546",2782,155,65,MAJOR_ROAD
trafficData209960.csv,2014-02-13 11:30:00,2014-06-09 05:35:00,Hjortshøj,Mejlbyvej 285,8530,"56.242032790256985, 10.261365288360594",Lystrup,Djurslandmotorvejen 285,8520,"56.22537224883195, 10.246154466270468",2504,116,78,MAJOR_ROAD
trafficData209986.csv,2014-02-13 11:30:00,2014-06-09 05:35:00,Lystrup,Djurslandmotorvejen 0,8520,"56.22521120818609, 10.246299305557386",Hjortshøj,Mejlbyvej 285,8530,"56.242053656769514, 10.261464530094145",2623,153,62,MAJOR_ROAD
trafficData210013.csv,2014-02-13 11:30:00,2014-06-09 05:35:00,Risskov,Vejlby Centervej 7,8240,"56.196878435033454, 10.216251775463206",Aarhus,Søftenvej 7,8200,"56.20417258212644, 10.175406949737521",2936,240,44,MAJOR_ROAD
trafficData210040.csv,2014-02-13 11:30:00,2014-06-09 05:35:00,Aarhus,Randersvej 7,8200,"56.19922307868954, 10.182444749668093",Risskov,Vejlby Centervej 7,8240,"56.19677547153966, 10.216211542327983",2433,267,33,MAJOR_ROAD
trafficData210067.csv,2014-02-13 11:30:00,2014-06-09 05:35:00,Risskov,Vejlby Centervej 7,8240,"56.196878435033454, 10.216251775463206",Aarhus,Randersvej 210,8200,"56.18958131478287, 10.191119927578029",2270,226,36,MAJOR_ROAD
trafficData210093.csv,2014-02-13 11:30:00,2014-06-09 05:35:00,Aarhus,Randersvej 0,8200,"56.18950967440927, 10.190940219574031",Risskov,Vejlby Centervej 7,8240,"56.19677547153966, 10.216211542327983",2279,210,39,MAJOR_ROAD
trafficData210120.csv,2014-02-13 11:30:00,2014-06-09 05:35:00,Risskov,Vejlby Centervej 7,8240,"56.196878435033454, 10.216251775463206",Århus N,Randersvej 141,8200,"56.18461478101305, 10.195804343585905",2153,219,35,MAJOR_ROAD
trafficData210146.csv,2014-02-13 11:30:00,2014-06-09 05:35:00,Aarhus,Randersvej 0,8200,"56.184659561973874, 10.19604842460626",Risskov,Vejlby Centervej 7,8240,"56.19677547153966, 10.216211542327983",2122,194,39,MAJOR_ROAD
trafficData210173.csv,2014-02-13 11:30:00,2014-06-09 05:35:00,Risskov,Viengevej 0,8240,"56.20913963031665, 10.246642527612721",Risskov,Grenåvej 337,8240,"56.2026461982616, 10.25068287483407",1106,88,45,MAJOR_ROAD
trafficData210199.csv,2014-02-13 11:30:00,2014-06-09 05:35:00,Risskov,Ålykkevej 41,8240,"56.20251117218925, 10.250786139881143",Risskov,Viengevej 41,8240,"56.20913963031665, 10.246642527612721",1140,86,48,MAJOR_ROAD
